-- phpMyAdmin SQL Dump
-- version 5.0.2
-- https://www.phpmyadmin.net/
--
-- Host: localhost
-- Generation Time: Dec 20, 2020 at 04:06 PM
-- Server version: 10.4.13-MariaDB
-- PHP Version: 7.4.7

SET SQL_MODE = "NO_AUTO_VALUE_ON_ZERO";
START TRANSACTION;
SET time_zone = "+00:00";


/*!40101 SET @OLD_CHARACTER_SET_CLIENT=@@CHARACTER_SET_CLIENT */;
/*!40101 SET @OLD_CHARACTER_SET_RESULTS=@@CHARACTER_SET_RESULTS */;
/*!40101 SET @OLD_COLLATION_CONNECTION=@@COLLATION_CONNECTION */;
/*!40101 SET NAMES utf8mb4 */;

--
-- Database: `footballdb`
--

-- --------------------------------------------------------

--
-- Table structure for table `league`
--

CREATE TABLE `league` (
  `id` int(11) NOT NULL,
  `title` varchar(255) DEFAULT NULL
) ENGINE=InnoDB DEFAULT CHARSET=utf8mb4;

--
-- Dumping data for table `league`
--

INSERT INTO `league` (`id`, `title`) VALUES
(1, 'Premier league');

-- --------------------------------------------------------

--
-- Table structure for table `league_has_teams`
--

CREATE TABLE `league_has_teams` (
  `league_id` int(11) DEFAULT NULL,
  `team_id` int(11) DEFAULT NULL
) ENGINE=InnoDB DEFAULT CHARSET=utf8mb4;

--
-- Dumping data for table `league_has_teams`
--

INSERT INTO `league_has_teams` (`league_id`, `team_id`) VALUES
(1, 3);

-- --------------------------------------------------------

--
-- Table structure for table `matches`
--

CREATE TABLE `matches` (
  `match_id` int(11) NOT NULL,
  `round_id` int(11) DEFAULT NULL,
  `match_date` datetime DEFAULT NULL,
  `home_team` varchar(32) DEFAULT NULL,
  `away_team` varchar(32) DEFAULT NULL,
  `home_team_goals` int(11) DEFAULT NULL,
  `away_team_goals` int(11) DEFAULT NULL,
  `status` varchar(16) DEFAULT NULL,
  `timestamp` int(11) DEFAULT NULL
) ENGINE=InnoDB DEFAULT CHARSET=utf8mb4;

--
-- Dumping data for table `matches`
--

INSERT INTO `matches` (`match_id`, `round_id`, `match_date`, `home_team`, `away_team`, `home_team_goals`, `away_team_goals`, `status`, `timestamp`) VALUES
(454, NULL, '2020-08-10 19:00:00', 'Manchester United', 'Leicester City', 2, 1, 'complete', 1597086000),
(455, NULL, '2020-08-11 11:30:00', 'Newcastle United', 'Tottenham Hotspur', 1, 2, 'complete', 1597145400),
(456, NULL, '2020-08-11 14:00:00', 'AFC Bournemouth', 'Cardiff City', 2, 0, 'complete', 1597154400),
(457, NULL, '2020-08-11 14:00:00', 'Watford', 'Brighton & Hove Albion', 2, 0, 'complete', 1597154400),
(458, NULL, '2020-08-11 14:00:00', 'Fulham', 'Crystal Palace', 0, 2, 'complete', 1597154400),
(459, NULL, '2020-08-11 14:00:00', 'Huddersfield Town', 'Chelsea', 0, 3, 'complete', 1597154400),
(460, NULL, '2020-08-11 16:30:00', 'Wolverhampton Wanderers', 'Everton', 2, 2, 'complete', 1597163400),
(461, NULL, '2020-08-12 12:30:00', 'Southampton', 'Burnley', 0, 0, 'complete', 1597235400),
(462, NULL, '2020-08-12 12:30:00', 'Liverpool', 'West Ham United', 4, 0, 'complete', 1597235400),
(463, NULL, '2020-08-12 15:00:00', 'Arsenal', 'Manchester City', 0, 2, 'complete', 1597244400),
(464, NULL, '2020-08-18 11:30:00', 'Cardiff City', 'Newcastle United', 0, 0, 'complete', 1597750200),
(465, NULL, '2020-08-18 14:00:00', 'Tottenham Hotspur', 'Fulham', 3, 1, 'complete', 1597759200),
(466, NULL, '2020-08-18 14:00:00', 'Leicester City', 'Wolverhampton Wanderers', 2, 0, 'complete', 1597759200),
(467, NULL, '2020-08-18 14:00:00', 'Everton', 'Southampton', 2, 1, 'complete', 1597759200),
(468, NULL, '2020-08-18 14:00:00', 'West Ham United', 'AFC Bournemouth', 1, 2, 'complete', 1597759200),
(469, NULL, '2020-08-18 16:30:00', 'Chelsea', 'Arsenal', 3, 2, 'complete', 1597768200),
(470, NULL, '2020-08-19 12:30:00', 'Manchester City', 'Huddersfield Town', 6, 1, 'complete', 1597840200),
(471, NULL, '2020-08-19 12:30:00', 'Burnley', 'Watford', 1, 3, 'complete', 1597840200),
(472, NULL, '2020-08-19 15:00:00', 'Brighton & Hove Albion', 'Manchester United', 3, 2, 'complete', 1597849200),
(473, NULL, '2020-08-20 19:00:00', 'Crystal Palace', 'Liverpool', 0, 2, 'complete', 1597950000),
(474, NULL, '2020-08-25 11:30:00', 'Wolverhampton Wanderers', 'Manchester City', 1, 1, 'complete', 1598355000),
(475, NULL, '2020-08-25 14:00:00', 'Huddersfield Town', 'Cardiff City', 0, 0, 'complete', 1598364000),
(476, NULL, '2020-08-25 14:00:00', 'Arsenal', 'West Ham United', 3, 1, 'complete', 1598364000),
(477, NULL, '2020-08-25 14:00:00', 'Southampton', 'Leicester City', 1, 2, 'complete', 1598364000),
(478, NULL, '2020-08-25 14:00:00', 'AFC Bournemouth', 'Everton', 2, 2, 'complete', 1598364000),
(479, NULL, '2020-08-25 16:30:00', 'Liverpool', 'Brighton & Hove Albion', 1, 0, 'complete', 1598373000),
(480, NULL, '2020-08-26 12:30:00', 'Watford', 'Crystal Palace', 2, 1, 'complete', 1598445000),
(481, NULL, '2020-08-26 15:00:00', 'Newcastle United', 'Chelsea', 1, 2, 'complete', 1598454000),
(482, NULL, '2020-08-26 15:00:00', 'Fulham', 'Burnley', 4, 2, 'complete', 1598454000),
(483, NULL, '2020-08-27 19:00:00', 'Manchester United', 'Tottenham Hotspur', 0, 3, 'complete', 1598554800),
(484, NULL, '2020-09-01 11:30:00', 'Leicester City', 'Liverpool', 1, 2, 'complete', 1598959800),
(485, NULL, '2020-09-01 14:00:00', 'Crystal Palace', 'Southampton', 0, 2, 'complete', 1598968800),
(486, NULL, '2020-09-01 14:00:00', 'Everton', 'Huddersfield Town', 1, 1, 'complete', 1598968800),
(487, NULL, '2020-09-01 14:00:00', 'Chelsea', 'AFC Bournemouth', 2, 0, 'complete', 1598968800),
(488, NULL, '2020-09-01 14:00:00', 'West Ham United', 'Wolverhampton Wanderers', 0, 1, 'complete', 1598968800),
(489, NULL, '2020-09-01 14:00:00', 'Brighton & Hove Albion', 'Fulham', 2, 2, 'complete', 1598968800),
(490, NULL, '2020-09-01 16:30:00', 'Manchester City', 'Newcastle United', 2, 1, 'complete', 1598977800),
(491, NULL, '2020-09-02 12:30:00', 'Cardiff City', 'Arsenal', 2, 3, 'complete', 1599049800),
(492, NULL, '2020-09-02 15:00:00', 'Burnley', 'Manchester United', 0, 2, 'complete', 1599058800),
(493, NULL, '2020-09-02 15:00:00', 'Watford', 'Tottenham Hotspur', 2, 1, 'complete', 1599058800),
(494, NULL, '2020-09-15 11:30:00', 'Tottenham Hotspur', 'Liverpool', 1, 2, 'complete', 1600169400),
(495, NULL, '2020-09-15 14:00:00', 'Manchester City', 'Fulham', 3, 0, 'complete', 1600178400),
(496, NULL, '2020-09-15 14:00:00', 'AFC Bournemouth', 'Leicester City', 4, 2, 'complete', 1600178400),
(497, NULL, '2020-09-15 14:00:00', 'Chelsea', 'Cardiff City', 4, 1, 'complete', 1600178400),
(498, NULL, '2020-09-15 14:00:00', 'Newcastle United', 'Arsenal', 1, 2, 'complete', 1600178400),
(499, NULL, '2020-09-15 14:00:00', 'Huddersfield Town', 'Crystal Palace', 0, 1, 'complete', 1600178400),
(500, NULL, '2020-09-15 16:30:00', 'Watford', 'Manchester United', 1, 2, 'complete', 1600187400),
(501, NULL, '2020-09-16 12:30:00', 'Wolverhampton Wanderers', 'Burnley', 1, 0, 'complete', 1600259400),
(502, NULL, '2020-09-16 15:00:00', 'Everton', 'West Ham United', 1, 3, 'complete', 1600268400),
(503, NULL, '2020-09-17 19:00:00', 'Southampton', 'Brighton & Hove Albion', 2, 2, 'complete', 1600369200),
(504, NULL, '2020-09-22 11:30:00', 'Fulham', 'Watford', 1, 1, 'complete', 1600774200),
(505, NULL, '2020-09-22 14:00:00', 'Leicester City', 'Huddersfield Town', 3, 1, 'complete', 1600783200),
(506, NULL, '2020-09-22 14:00:00', 'Crystal Palace', 'Newcastle United', 0, 0, 'complete', 1600783200),
(507, NULL, '2020-09-22 14:00:00', 'Burnley', 'AFC Bournemouth', 4, 0, 'complete', 1600783200),
(508, NULL, '2020-09-22 14:00:00', 'Manchester United', 'Wolverhampton Wanderers', 1, 1, 'complete', 1600783200),
(509, NULL, '2020-09-22 14:00:00', 'Liverpool', 'Southampton', 3, 0, 'complete', 1600783200),
(510, NULL, '2020-09-22 14:00:00', 'Cardiff City', 'Manchester City', 0, 5, 'complete', 1600783200),
(511, NULL, '2020-09-22 16:30:00', 'Brighton & Hove Albion', 'Tottenham Hotspur', 1, 2, 'complete', 1600792200),
(512, NULL, '2020-09-23 12:30:00', 'West Ham United', 'Chelsea', 0, 0, 'complete', 1600864200),
(513, NULL, '2020-09-23 15:00:00', 'Arsenal', 'Everton', 2, 0, 'complete', 1600873200),
(514, NULL, '2020-09-29 11:30:00', 'West Ham United', 'Manchester United', 3, 1, 'complete', 1601379000),
(515, NULL, '2020-09-29 14:00:00', 'Arsenal', 'Watford', 2, 0, 'complete', 1601388000),
(516, NULL, '2020-09-29 14:00:00', 'Manchester City', 'Brighton & Hove Albion', 2, 0, 'complete', 1601388000),
(517, NULL, '2020-09-29 14:00:00', 'Everton', 'Fulham', 3, 0, 'complete', 1601388000),
(518, NULL, '2020-09-29 14:00:00', 'Newcastle United', 'Leicester City', 0, 2, 'complete', 1601388000),
(519, NULL, '2020-09-29 14:00:00', 'Huddersfield Town', 'Tottenham Hotspur', 0, 2, 'complete', 1601388000),
(520, NULL, '2020-09-29 14:00:00', 'Wolverhampton Wanderers', 'Southampton', 2, 0, 'complete', 1601388000),
(521, NULL, '2020-09-29 16:30:00', 'Chelsea', 'Liverpool', 1, 1, 'complete', 1601397000),
(522, NULL, '2020-09-30 15:00:00', 'Cardiff City', 'Burnley', 1, 2, 'complete', 1601478000),
(523, NULL, '2020-10-01 19:00:00', 'AFC Bournemouth', 'Crystal Palace', 2, 1, 'complete', 1601578800),
(524, NULL, '2020-10-05 19:00:00', 'Brighton & Hove Albion', 'West Ham United', 1, 0, 'complete', 1601924400),
(525, NULL, '2020-10-06 14:00:00', 'Tottenham Hotspur', 'Cardiff City', 1, 0, 'complete', 1601992800),
(526, NULL, '2020-10-06 14:00:00', 'Leicester City', 'Everton', 1, 2, 'complete', 1601992800),
(527, NULL, '2020-10-06 14:00:00', 'Crystal Palace', 'Wolverhampton Wanderers', 0, 1, 'complete', 1601992800),
(528, NULL, '2020-10-06 14:00:00', 'Burnley', 'Huddersfield Town', 1, 1, 'complete', 1601992800),
(529, NULL, '2020-10-06 14:00:00', 'Watford', 'AFC Bournemouth', 0, 4, 'complete', 1601992800),
(530, NULL, '2020-10-06 16:30:00', 'Manchester United', 'Newcastle United', 3, 2, 'complete', 1602001800),
(531, NULL, '2020-10-07 11:00:00', 'Fulham', 'Arsenal', 1, 5, 'complete', 1602068400),
(532, NULL, '2020-10-07 13:15:00', 'Southampton', 'Chelsea', 0, 3, 'complete', 1602076500),
(533, NULL, '2020-10-07 15:30:00', 'Liverpool', 'Manchester City', 0, 0, 'complete', 1602084600),
(534, NULL, '2020-10-20 11:30:00', 'Chelsea', 'Manchester United', 2, 2, 'complete', 1603193400),
(535, NULL, '2020-10-20 14:00:00', 'Manchester City', 'Burnley', 5, 0, 'complete', 1603202400),
(536, NULL, '2020-10-20 14:00:00', 'AFC Bournemouth', 'Southampton', 0, 0, 'complete', 1603202400),
(537, NULL, '2020-10-20 14:00:00', 'West Ham United', 'Tottenham Hotspur', 0, 1, 'complete', 1603202400),
(538, NULL, '2020-10-20 14:00:00', 'Newcastle United', 'Brighton & Hove Albion', 0, 1, 'complete', 1603202400),
(539, NULL, '2020-10-20 14:00:00', 'Cardiff City', 'Fulham', 4, 2, 'complete', 1603202400),
(540, NULL, '2020-10-20 14:00:00', 'Wolverhampton Wanderers', 'Watford', 0, 2, 'complete', 1603202400),
(541, NULL, '2020-10-20 16:30:00', 'Huddersfield Town', 'Liverpool', 0, 1, 'complete', 1603211400),
(542, NULL, '2020-10-21 15:00:00', 'Everton', 'Crystal Palace', 2, 0, 'complete', 1603292400),
(543, NULL, '2020-10-22 19:00:00', 'Arsenal', 'Leicester City', 3, 1, 'complete', 1603393200),
(544, NULL, '2020-10-27 14:00:00', 'Southampton', 'Newcastle United', 0, 0, 'complete', 1603807200),
(545, NULL, '2020-10-27 14:00:00', 'Liverpool', 'Cardiff City', 4, 1, 'complete', 1603807200),
(546, NULL, '2020-10-27 14:00:00', 'Watford', 'Huddersfield Town', 3, 0, 'complete', 1603807200),
(547, NULL, '2020-10-27 14:00:00', 'Fulham', 'AFC Bournemouth', 0, 3, 'complete', 1603807200),
(548, NULL, '2020-10-27 14:00:00', 'Brighton & Hove Albion', 'Wolverhampton Wanderers', 1, 0, 'complete', 1603807200),
(549, NULL, '2020-10-27 16:30:00', 'Leicester City', 'West Ham United', 1, 1, 'complete', 1603816200),
(550, NULL, '2020-10-28 13:30:00', 'Crystal Palace', 'Arsenal', 2, 2, 'complete', 1603891800),
(551, NULL, '2020-10-28 13:30:00', 'Burnley', 'Chelsea', 0, 4, 'complete', 1603891800),
(552, NULL, '2020-10-28 16:00:00', 'Manchester United', 'Everton', 2, 1, 'complete', 1603900800),
(553, NULL, '2020-10-29 20:00:00', 'Tottenham Hotspur', 'Manchester City', 0, 1, 'complete', 1604001600),
(554, NULL, '2020-11-03 12:30:00', 'AFC Bournemouth', 'Manchester United', 1, 2, 'complete', 1604406600),
(555, NULL, '2020-11-03 15:00:00', 'Everton', 'Brighton & Hove Albion', 3, 1, 'complete', 1604415600),
(556, NULL, '2020-11-03 15:00:00', 'West Ham United', 'Burnley', 4, 2, 'complete', 1604415600),
(557, NULL, '2020-11-03 15:00:00', 'Newcastle United', 'Watford', 1, 0, 'complete', 1604415600),
(558, NULL, '2020-11-03 15:00:00', 'Cardiff City', 'Leicester City', 0, 1, 'complete', 1604415600),
(559, NULL, '2020-11-03 17:30:00', 'Arsenal', 'Liverpool', 1, 1, 'complete', 1604424600),
(560, NULL, '2020-11-03 19:45:00', 'Wolverhampton Wanderers', 'Tottenham Hotspur', 2, 3, 'complete', 1604432700),
(561, NULL, '2020-11-04 15:00:00', 'Manchester City', 'Southampton', 6, 1, 'complete', 1604502000),
(562, NULL, '2020-11-04 16:00:00', 'Chelsea', 'Crystal Palace', 3, 1, 'complete', 1604505600),
(563, NULL, '2020-11-05 20:00:00', 'Huddersfield Town', 'Fulham', 1, 0, 'complete', 1604606400),
(564, NULL, '2020-11-10 12:30:00', 'Cardiff City', 'Brighton & Hove Albion', 2, 1, 'complete', 1605011400),
(565, NULL, '2020-11-10 15:00:00', 'Leicester City', 'Burnley', 0, 0, 'complete', 1605020400),
(566, NULL, '2020-11-10 15:00:00', 'Southampton', 'Watford', 1, 1, 'complete', 1605020400),
(567, NULL, '2020-11-10 15:00:00', 'Newcastle United', 'AFC Bournemouth', 2, 1, 'complete', 1605020400),
(568, NULL, '2020-11-10 15:00:00', 'Huddersfield Town', 'West Ham United', 1, 1, 'complete', 1605020400),
(569, NULL, '2020-11-10 17:30:00', 'Crystal Palace', 'Tottenham Hotspur', 0, 1, 'complete', 1605029400),
(570, NULL, '2020-11-11 12:00:00', 'Liverpool', 'Fulham', 2, 0, 'complete', 1605096000),
(571, NULL, '2020-11-11 14:15:00', 'Chelsea', 'Everton', 0, 0, 'complete', 1605104100),
(572, NULL, '2020-11-11 16:30:00', 'Arsenal', 'Wolverhampton Wanderers', 1, 1, 'complete', 1605112200),
(573, NULL, '2020-11-11 16:30:00', 'Manchester City', 'Manchester United', 3, 1, 'complete', 1605112200),
(574, NULL, '2020-11-24 15:00:00', 'Everton', 'Cardiff City', 1, 0, 'complete', 1606230000),
(575, NULL, '2020-11-24 15:00:00', 'Manchester United', 'Crystal Palace', 0, 0, 'complete', 1606230000),
(576, NULL, '2020-11-24 15:00:00', 'West Ham United', 'Manchester City', 0, 4, 'complete', 1606230000),
(577, NULL, '2020-11-24 15:00:00', 'Watford', 'Liverpool', 0, 3, 'complete', 1606230000),
(578, NULL, '2020-11-24 15:00:00', 'Fulham', 'Southampton', 3, 2, 'complete', 1606230000),
(579, NULL, '2020-11-24 15:00:00', 'Brighton & Hove Albion', 'Leicester City', 1, 1, 'complete', 1606230000),
(580, NULL, '2020-11-24 17:30:00', 'Tottenham Hotspur', 'Chelsea', 3, 1, 'complete', 1606239000),
(581, NULL, '2020-11-25 13:30:00', 'AFC Bournemouth', 'Arsenal', 1, 2, 'complete', 1606311000),
(582, NULL, '2020-11-25 16:00:00', 'Wolverhampton Wanderers', 'Huddersfield Town', 0, 2, 'complete', 1606320000),
(583, NULL, '2020-11-26 20:30:00', 'Burnley', 'Newcastle United', 1, 2, 'complete', 1606422600),
(584, NULL, '2020-11-30 20:00:00', 'Cardiff City', 'Wolverhampton Wanderers', 2, 1, 'complete', 1606766400),
(585, NULL, '2020-12-01 15:00:00', 'Manchester City', 'AFC Bournemouth', 3, 1, 'complete', 1606834800),
(586, NULL, '2020-12-01 15:00:00', 'Leicester City', 'Watford', 2, 0, 'complete', 1606834800),
(587, NULL, '2020-12-01 15:00:00', 'Crystal Palace', 'Burnley', 2, 0, 'complete', 1606834800),
(588, NULL, '2020-12-01 15:00:00', 'Newcastle United', 'West Ham United', 0, 3, 'complete', 1606834800),
(589, NULL, '2020-12-01 15:00:00', 'Huddersfield Town', 'Brighton & Hove Albion', 1, 2, 'complete', 1606834800),
(590, NULL, '2020-12-01 17:30:00', 'Southampton', 'Manchester United', 2, 2, 'complete', 1606843800),
(591, NULL, '2020-12-02 12:00:00', 'Chelsea', 'Fulham', 2, 0, 'complete', 1606910400),
(592, NULL, '2020-12-02 14:05:00', 'Arsenal', 'Tottenham Hotspur', 4, 2, 'complete', 1606917900),
(593, NULL, '2020-12-02 16:15:00', 'Liverpool', 'Everton', 1, 0, 'complete', 1606925700),
(594, NULL, '2020-12-04 19:45:00', 'AFC Bournemouth', 'Huddersfield Town', 2, 1, 'complete', 1607111100),
(595, NULL, '2020-12-04 19:45:00', 'West Ham United', 'Cardiff City', 3, 1, 'complete', 1607111100),
(596, NULL, '2020-12-04 19:45:00', 'Brighton & Hove Albion', 'Crystal Palace', 3, 1, 'complete', 1607111100),
(597, NULL, '2020-12-04 20:00:00', 'Watford', 'Manchester City', 1, 2, 'complete', 1607112000),
(598, NULL, '2020-12-05 19:45:00', 'Everton', 'Newcastle United', NULL, NULL, 'due', 1607197500),
(599, NULL, '2020-12-05 19:45:00', 'Burnley', 'Liverpool', NULL, NULL, 'due', 1607197500),
(600, NULL, '2020-12-05 19:45:00', 'Fulham', 'Leicester City', NULL, NULL, 'due', 1607197500),
(601, NULL, '2020-12-05 19:45:00', 'Wolverhampton Wanderers', 'Chelsea', NULL, NULL, 'due', 1607197500),
(602, NULL, '2020-12-05 20:00:00', 'Tottenham Hotspur', 'Southampton', NULL, NULL, 'due', 1607198400),
(603, NULL, '2020-12-05 20:00:00', 'Manchester United', 'Arsenal', NULL, NULL, 'due', 1607198400),
(604, NULL, '2020-12-08 12:30:00', 'AFC Bournemouth', 'Liverpool', NULL, NULL, 'due', 1607430600),
(605, NULL, '2020-12-08 15:00:00', 'Arsenal', 'Huddersfield Town', NULL, NULL, 'due', 1607439600),
(606, NULL, '2020-12-08 15:00:00', 'Burnley', 'Brighton & Hove Albion', NULL, NULL, 'due', 1607439600),
(607, NULL, '2020-12-08 15:00:00', 'Manchester United', 'Fulham', NULL, NULL, 'due', 1607439600),
(608, NULL, '2020-12-08 15:00:00', 'West Ham United', 'Crystal Palace', NULL, NULL, 'due', 1607439600),
(609, NULL, '2020-12-08 15:00:00', 'Cardiff City', 'Southampton', NULL, NULL, 'due', 1607439600),
(610, NULL, '2020-12-08 17:30:00', 'Chelsea', 'Manchester City', NULL, NULL, 'due', 1607448600),
(611, NULL, '2020-12-08 19:45:00', 'Leicester City', 'Tottenham Hotspur', NULL, NULL, 'due', 1607456700),
(612, NULL, '2020-12-09 16:00:00', 'Newcastle United', 'Wolverhampton Wanderers', NULL, NULL, 'due', 1607529600),
(613, NULL, '2020-12-10 20:00:00', 'Everton', 'Watford', NULL, NULL, 'due', 1607630400),
(614, NULL, '2020-12-15 12:30:00', 'Manchester City', 'Everton', NULL, NULL, 'due', 1608035400),
(615, NULL, '2020-12-15 15:00:00', 'Tottenham Hotspur', 'Burnley', NULL, NULL, 'due', 1608044400),
(616, NULL, '2020-12-15 15:00:00', 'Crystal Palace', 'Leicester City', NULL, NULL, 'due', 1608044400),
(617, NULL, '2020-12-15 15:00:00', 'Watford', 'Cardiff City', NULL, NULL, 'due', 1608044400),
(618, NULL, '2020-12-15 15:00:00', 'Wolverhampton Wanderers', 'AFC Bournemouth', NULL, NULL, 'due', 1608044400),
(619, NULL, '2020-12-15 15:00:00', 'Huddersfield Town', 'Newcastle United', NULL, NULL, 'due', 1608044400),
(620, NULL, '2020-12-15 17:30:00', 'Fulham', 'West Ham United', NULL, NULL, 'due', 1608053400),
(621, NULL, '2020-12-16 13:30:00', 'Southampton', 'Arsenal', NULL, NULL, 'due', 1608125400),
(622, NULL, '2020-12-16 13:30:00', 'Brighton & Hove Albion', 'Chelsea', NULL, NULL, 'due', 1608125400),
(623, NULL, '2020-12-16 16:00:00', 'Liverpool', 'Manchester United', NULL, NULL, 'due', 1608134400),
(624, NULL, '2020-12-21 20:00:00', 'Wolverhampton Wanderers', 'Liverpool', NULL, NULL, 'due', 1608580800),
(625, NULL, '2020-12-22 12:30:00', 'Arsenal', 'Burnley', NULL, NULL, 'due', 1608640200),
(626, NULL, '2020-12-22 15:00:00', 'Manchester City', 'Crystal Palace', NULL, NULL, 'due', 1608649200),
(627, NULL, '2020-12-22 15:00:00', 'AFC Bournemouth', 'Brighton & Hove Albion', NULL, NULL, 'due', 1608649200),
(628, NULL, '2020-12-22 15:00:00', 'Chelsea', 'Leicester City', NULL, NULL, 'due', 1608649200),
(629, NULL, '2020-12-22 15:00:00', 'West Ham United', 'Watford', NULL, NULL, 'due', 1608649200),
(630, NULL, '2020-12-22 15:00:00', 'Newcastle United', 'Fulham', NULL, NULL, 'due', 1608649200),
(631, NULL, '2020-12-22 15:00:00', 'Huddersfield Town', 'Southampton', NULL, NULL, 'due', 1608649200),
(632, NULL, '2020-12-22 17:30:00', 'Cardiff City', 'Manchester United', NULL, NULL, 'due', 1608658200),
(633, NULL, '2020-12-23 16:00:00', 'Everton', 'Tottenham Hotspur', NULL, NULL, 'due', 1608739200),
(634, NULL, '2020-12-26 12:30:00', 'Fulham', 'Wolverhampton Wanderers', NULL, NULL, 'due', 1608985800),
(635, NULL, '2020-12-26 15:00:00', 'Tottenham Hotspur', 'AFC Bournemouth', NULL, NULL, 'due', 1608994800),
(636, NULL, '2020-12-26 15:00:00', 'Leicester City', 'Manchester City', NULL, NULL, 'due', 1608994800),
(637, NULL, '2020-12-26 15:00:00', 'Crystal Palace', 'Cardiff City', NULL, NULL, 'due', 1608994800),
(638, NULL, '2020-12-26 15:00:00', 'Burnley', 'Everton', NULL, NULL, 'due', 1608994800),
(639, NULL, '2020-12-26 15:00:00', 'Manchester United', 'Huddersfield Town', NULL, NULL, 'due', 1608994800),
(640, NULL, '2020-12-26 15:00:00', 'Liverpool', 'Newcastle United', NULL, NULL, 'due', 1608994800),
(641, NULL, '2020-12-26 17:15:00', 'Brighton & Hove Albion', 'Arsenal', NULL, NULL, 'due', 1609002900),
(642, NULL, '2020-12-26 19:30:00', 'Watford', 'Chelsea', NULL, NULL, 'due', 1609011000),
(643, NULL, '2020-12-27 19:45:00', 'Southampton', 'West Ham United', NULL, NULL, 'due', 1609098300),
(644, NULL, '2020-12-29 15:00:00', 'Tottenham Hotspur', 'Wolverhampton Wanderers', NULL, NULL, 'due', 1609254000),
(645, NULL, '2020-12-29 15:00:00', 'Leicester City', 'Cardiff City', NULL, NULL, 'due', 1609254000),
(646, NULL, '2020-12-29 15:00:00', 'Watford', 'Newcastle United', NULL, NULL, 'due', 1609254000),
(647, NULL, '2020-12-29 15:00:00', 'Brighton & Hove Albion', 'Everton', NULL, NULL, 'due', 1609254000),
(648, NULL, '2020-12-29 15:00:00', 'Fulham', 'Huddersfield Town', NULL, NULL, 'due', 1609254000),
(649, NULL, '2020-12-29 17:30:00', 'Liverpool', 'Arsenal', NULL, NULL, 'due', 1609263000),
(650, NULL, '2020-12-30 12:00:00', 'Crystal Palace', 'Chelsea', NULL, NULL, 'due', 1609329600),
(651, NULL, '2020-12-30 14:15:00', 'Burnley', 'West Ham United', NULL, NULL, 'due', 1609337700),
(652, NULL, '2020-12-30 14:15:00', 'Southampton', 'Manchester City', NULL, NULL, 'due', 1609337700),
(653, NULL, '2020-12-30 16:30:00', 'Manchester United', 'AFC Bournemouth', NULL, NULL, 'due', 1609345800),
(654, NULL, '2021-01-01 12:30:00', 'Everton', 'Leicester City', NULL, NULL, 'due', 1609504200),
(655, NULL, '2021-01-01 15:00:00', 'Arsenal', 'Fulham', NULL, NULL, 'due', 1609513200),
(656, NULL, '2021-01-01 17:30:00', 'Cardiff City', 'Tottenham Hotspur', NULL, NULL, 'due', 1609522200),
(657, NULL, '2021-01-02 19:45:00', 'Chelsea', 'Southampton', NULL, NULL, 'due', 1609616700),
(658, NULL, '2021-01-02 19:45:00', 'West Ham United', 'Brighton & Hove Albion', NULL, NULL, 'due', 1609616700),
(659, NULL, '2021-01-02 19:45:00', 'Wolverhampton Wanderers', 'Crystal Palace', NULL, NULL, 'due', 1609616700),
(660, NULL, '2021-01-02 19:45:00', 'Huddersfield Town', 'Burnley', NULL, NULL, 'due', 1609616700),
(661, NULL, '2021-01-02 20:00:00', 'AFC Bournemouth', 'Watford', NULL, NULL, 'due', 1609617600),
(662, NULL, '2021-01-02 20:00:00', 'Newcastle United', 'Manchester United', NULL, NULL, 'due', 1609617600),
(663, NULL, '2021-01-03 20:00:00', 'Manchester City', 'Liverpool', NULL, NULL, 'due', 1609704000),
(664, NULL, '2021-01-12 12:30:00', 'West Ham United', 'Arsenal', NULL, NULL, 'due', 1610454600),
(665, NULL, '2021-01-12 15:00:00', 'Leicester City', 'Southampton', NULL, NULL, 'due', 1610463600),
(666, NULL, '2021-01-12 15:00:00', 'Crystal Palace', 'Watford', NULL, NULL, 'due', 1610463600),
(667, NULL, '2021-01-12 15:00:00', 'Burnley', 'Fulham', NULL, NULL, 'due', 1610463600),
(668, NULL, '2021-01-12 15:00:00', 'Cardiff City', 'Huddersfield Town', NULL, NULL, 'due', 1610463600),
(669, NULL, '2021-01-12 15:00:00', 'Brighton & Hove Albion', 'Liverpool', NULL, NULL, 'due', 1610463600),
(670, NULL, '2021-01-12 17:30:00', 'Chelsea', 'Newcastle United', NULL, NULL, 'due', 1610472600),
(671, NULL, '2021-01-13 14:15:00', 'Everton', 'AFC Bournemouth', NULL, NULL, 'due', 1610547300),
(672, NULL, '2021-01-13 16:30:00', 'Tottenham Hotspur', 'Manchester United', NULL, NULL, 'due', 1610555400),
(673, NULL, '2021-01-14 20:00:00', 'Manchester City', 'Wolverhampton Wanderers', NULL, NULL, 'due', 1610654400),
(674, NULL, '2021-01-19 12:30:00', 'Wolverhampton Wanderers', 'Leicester City', NULL, NULL, 'due', 1611059400),
(675, NULL, '2021-01-19 15:00:00', 'Southampton', 'Everton', NULL, NULL, 'due', 1611068400),
(676, NULL, '2021-01-19 15:00:00', 'AFC Bournemouth', 'West Ham United', NULL, NULL, 'due', 1611068400),
(677, NULL, '2021-01-19 15:00:00', 'Manchester United', 'Brighton & Hove Albion', NULL, NULL, 'due', 1611068400),
(678, NULL, '2021-01-19 15:00:00', 'Liverpool', 'Crystal Palace', NULL, NULL, 'due', 1611068400),
(679, NULL, '2021-01-19 15:00:00', 'Watford', 'Burnley', NULL, NULL, 'due', 1611068400),
(680, NULL, '2021-01-19 15:00:00', 'Newcastle United', 'Cardiff City', NULL, NULL, 'due', 1611068400),
(681, NULL, '2021-01-19 17:30:00', 'Arsenal', 'Chelsea', NULL, NULL, 'due', 1611077400),
(682, NULL, '2021-01-20 13:30:00', 'Huddersfield Town', 'Manchester City', NULL, NULL, 'due', 1611149400),
(683, NULL, '2021-01-20 16:00:00', 'Fulham', 'Tottenham Hotspur', NULL, NULL, 'due', 1611158400),
(684, NULL, '2021-01-29 19:45:00', 'Arsenal', 'Cardiff City', NULL, NULL, 'due', 1611949500),
(685, NULL, '2021-01-29 19:45:00', 'Fulham', 'Brighton & Hove Albion', NULL, NULL, 'due', 1611949500),
(686, NULL, '2021-01-29 19:45:00', 'Huddersfield Town', 'Everton', NULL, NULL, 'due', 1611949500),
(687, NULL, '2021-01-29 19:45:00', 'Wolverhampton Wanderers', 'West Ham United', NULL, NULL, 'due', 1611949500),
(688, NULL, '2021-01-29 20:00:00', 'Manchester United', 'Burnley', NULL, NULL, 'due', 1611950400),
(689, NULL, '2021-01-29 20:00:00', 'Newcastle United', 'Manchester City', NULL, NULL, 'due', 1611950400),
(690, NULL, '2021-01-30 19:45:00', 'Southampton', 'Crystal Palace', NULL, NULL, 'due', 1612035900),
(691, NULL, '2021-01-30 19:45:00', 'AFC Bournemouth', 'Chelsea', NULL, NULL, 'due', 1612035900),
(692, NULL, '2021-01-30 20:00:00', 'Tottenham Hotspur', 'Watford', NULL, NULL, 'due', 1612036800),
(693, NULL, '2021-01-30 20:00:00', 'Liverpool', 'Leicester City', NULL, NULL, 'due', 1612036800),
(694, NULL, '2021-02-02 12:30:00', 'Tottenham Hotspur', 'Newcastle United', NULL, NULL, 'due', 1612269000),
(695, NULL, '2021-02-02 15:00:00', 'Crystal Palace', 'Fulham', NULL, NULL, 'due', 1612278000),
(696, NULL, '2021-02-02 15:00:00', 'Everton', 'Wolverhampton Wanderers', NULL, NULL, 'due', 1612278000),
(697, NULL, '2021-02-02 15:00:00', 'Burnley', 'Southampton', NULL, NULL, 'due', 1612278000),
(698, NULL, '2021-02-02 15:00:00', 'Chelsea', 'Huddersfield Town', NULL, NULL, 'due', 1612278000),
(699, NULL, '2021-02-02 15:00:00', 'Brighton & Hove Albion', 'Watford', NULL, NULL, 'due', 1612278000),
(700, NULL, '2021-02-02 17:30:00', 'Cardiff City', 'AFC Bournemouth', NULL, NULL, 'due', 1612287000),
(701, NULL, '2021-02-03 14:05:00', 'Leicester City', 'Manchester United', NULL, NULL, 'due', 1612361100),
(702, NULL, '2021-02-03 16:30:00', 'Manchester City', 'Arsenal', NULL, NULL, 'due', 1612369800),
(703, NULL, '2021-02-04 20:00:00', 'West Ham United', 'Liverpool', NULL, NULL, 'due', 1612468800),
(704, NULL, '2021-02-06 19:45:00', 'Everton', 'Manchester City', NULL, NULL, 'due', 1612640700),
(705, NULL, '2021-02-09 12:30:00', 'Fulham', 'Manchester United', NULL, NULL, 'due', 1612873800),
(706, NULL, '2021-02-09 15:00:00', 'Crystal Palace', 'West Ham United', NULL, NULL, 'due', 1612882800),
(707, NULL, '2021-02-09 15:00:00', 'Southampton', 'Cardiff City', NULL, NULL, 'due', 1612882800),
(708, NULL, '2021-02-09 15:00:00', 'Liverpool', 'AFC Bournemouth', NULL, NULL, 'due', 1612882800),
(709, NULL, '2021-02-09 15:00:00', 'Watford', 'Everton', NULL, NULL, 'due', 1612882800),
(710, NULL, '2021-02-09 15:00:00', 'Huddersfield Town', 'Arsenal', NULL, NULL, 'due', 1612882800),
(711, NULL, '2021-02-09 17:30:00', 'Brighton & Hove Albion', 'Burnley', NULL, NULL, 'due', 1612891800),
(712, NULL, '2021-02-10 13:30:00', 'Tottenham Hotspur', 'Leicester City', NULL, NULL, 'due', 1612963800),
(713, NULL, '2021-02-10 16:00:00', 'Manchester City', 'Chelsea', NULL, NULL, 'due', 1612972800),
(714, NULL, '2021-02-11 20:00:00', 'Wolverhampton Wanderers', 'Newcastle United', NULL, NULL, 'due', 1613073600),
(715, NULL, '2021-02-22 19:45:00', 'West Ham United', 'Fulham', NULL, NULL, 'due', 1614023100),
(716, NULL, '2021-02-22 19:45:00', 'Cardiff City', 'Watford', NULL, NULL, 'due', 1614023100),
(717, NULL, '2021-02-23 12:30:00', 'Burnley', 'Tottenham Hotspur', NULL, NULL, 'due', 1614083400),
(718, NULL, '2021-02-23 15:00:00', 'AFC Bournemouth', 'Wolverhampton Wanderers', NULL, NULL, 'due', 1614092400),
(719, NULL, '2021-02-23 15:00:00', 'Newcastle United', 'Huddersfield Town', NULL, NULL, 'due', 1614092400),
(720, NULL, '2021-02-23 17:30:00', 'Leicester City', 'Crystal Palace', NULL, NULL, 'due', 1614101400),
(721, NULL, '2021-02-24 14:05:00', 'Arsenal', 'Southampton', NULL, NULL, 'due', 1614175500),
(722, NULL, '2021-02-24 14:05:00', 'Manchester United', 'Liverpool', NULL, NULL, 'due', 1614175500),
(723, NULL, '2021-02-26 19:45:00', 'Leicester City', 'Brighton & Hove Albion', NULL, NULL, 'due', 1614368700),
(724, NULL, '2021-02-26 19:45:00', 'Cardiff City', 'Everton', NULL, NULL, 'due', 1614368700),
(725, NULL, '2021-02-26 19:45:00', 'Huddersfield Town', 'Wolverhampton Wanderers', NULL, NULL, 'due', 1614368700),
(726, NULL, '2021-02-26 20:00:00', 'Newcastle United', 'Burnley', NULL, NULL, 'due', 1614369600),
(727, NULL, '2021-02-27 19:45:00', 'Arsenal', 'AFC Bournemouth', NULL, NULL, 'due', 1614455100),
(728, NULL, '2021-02-27 19:45:00', 'Southampton', 'Fulham', NULL, NULL, 'due', 1614455100),
(729, NULL, '2021-02-27 20:00:00', 'Manchester City', 'West Ham United', NULL, NULL, 'due', 1614456000),
(730, NULL, '2021-02-27 20:00:00', 'Crystal Palace', 'Manchester United', NULL, NULL, 'due', 1614456000),
(731, NULL, '2021-02-27 20:00:00', 'Liverpool', 'Watford', NULL, NULL, 'due', 1614456000),
(732, NULL, '2021-02-27 20:00:00', 'Chelsea', 'Tottenham Hotspur', NULL, NULL, 'due', 1614456000),
(733, NULL, '2021-03-02 12:30:00', 'Tottenham Hotspur', 'Arsenal', NULL, NULL, 'due', 1614688200),
(734, NULL, '2021-03-02 15:00:00', 'Burnley', 'Crystal Palace', NULL, NULL, 'due', 1614697200),
(735, NULL, '2021-03-02 15:00:00', 'AFC Bournemouth', 'Manchester City', NULL, NULL, 'due', 1614697200),
(736, NULL, '2021-03-02 15:00:00', 'Manchester United', 'Southampton', NULL, NULL, 'due', 1614697200),
(737, NULL, '2021-03-02 15:00:00', 'Brighton & Hove Albion', 'Huddersfield Town', NULL, NULL, 'due', 1614697200),
(738, NULL, '2021-03-02 15:00:00', 'Wolverhampton Wanderers', 'Cardiff City', NULL, NULL, 'due', 1614697200),
(739, NULL, '2021-03-02 17:30:00', 'West Ham United', 'Newcastle United', NULL, NULL, 'due', 1614706200),
(740, NULL, '2021-03-03 12:00:00', 'Watford', 'Leicester City', NULL, NULL, 'due', 1614772800),
(741, NULL, '2021-03-03 14:05:00', 'Fulham', 'Chelsea', NULL, NULL, 'due', 1614780300),
(742, NULL, '2021-03-03 16:15:00', 'Everton', 'Liverpool', NULL, NULL, 'due', 1614788100),
(743, NULL, '2021-03-09 12:30:00', 'Crystal Palace', 'Brighton & Hove Albion', NULL, NULL, 'due', 1615293000),
(744, NULL, '2021-03-09 15:00:00', 'Leicester City', 'Fulham', NULL, NULL, 'due', 1615302000),
(745, NULL, '2021-03-09 15:00:00', 'Southampton', 'Tottenham Hotspur', NULL, NULL, 'due', 1615302000),
(746, NULL, '2021-03-09 15:00:00', 'Newcastle United', 'Everton', NULL, NULL, 'due', 1615302000),
(747, NULL, '2021-03-09 15:00:00', 'Cardiff City', 'West Ham United', NULL, NULL, 'due', 1615302000),
(748, NULL, '2021-03-09 15:00:00', 'Huddersfield Town', 'AFC Bournemouth', NULL, NULL, 'due', 1615302000),
(749, NULL, '2021-03-09 17:30:00', 'Manchester City', 'Watford', NULL, NULL, 'due', 1615311000),
(750, NULL, '2021-03-10 12:00:00', 'Liverpool', 'Burnley', NULL, NULL, 'due', 1615377600),
(751, NULL, '2021-03-10 14:05:00', 'Chelsea', 'Wolverhampton Wanderers', NULL, NULL, 'due', 1615385100),
(752, NULL, '2021-03-10 16:30:00', 'Arsenal', 'Manchester United', NULL, NULL, 'due', 1615393800),
(753, NULL, '2021-03-16 15:00:00', 'Burnley', 'Leicester City', NULL, NULL, 'due', 1615906800),
(754, NULL, '2021-03-16 15:00:00', 'AFC Bournemouth', 'Newcastle United', NULL, NULL, 'due', 1615906800),
(755, NULL, '2021-03-16 15:00:00', 'West Ham United', 'Huddersfield Town', NULL, NULL, 'due', 1615906800),
(756, NULL, '2021-03-17 14:15:00', 'Fulham', 'Liverpool', NULL, NULL, 'due', 1615990500),
(757, NULL, '2021-03-17 16:30:00', 'Everton', 'Chelsea', NULL, NULL, 'due', 1615998600),
(758, NULL, '2021-03-30 12:30:00', 'Fulham', 'Manchester City', NULL, NULL, 'due', 1617107400),
(759, NULL, '2021-03-30 15:00:00', 'Leicester City', 'AFC Bournemouth', NULL, NULL, 'due', 1617116400),
(760, NULL, '2021-03-30 15:00:00', 'Crystal Palace', 'Huddersfield Town', NULL, NULL, 'due', 1617116400),
(761, NULL, '2021-03-30 15:00:00', 'Burnley', 'Wolverhampton Wanderers', NULL, NULL, 'due', 1617116400),
(762, NULL, '2021-03-30 15:00:00', 'Manchester United', 'Watford', NULL, NULL, 'due', 1617116400),
(763, NULL, '2021-03-30 15:00:00', 'Brighton & Hove Albion', 'Southampton', NULL, NULL, 'due', 1617116400),
(764, NULL, '2021-03-30 17:30:00', 'West Ham United', 'Everton', NULL, NULL, 'due', 1617125400),
(765, NULL, '2021-03-31 13:05:00', 'Cardiff City', 'Chelsea', NULL, NULL, 'due', 1617195900),
(766, NULL, '2021-03-31 15:30:00', 'Liverpool', 'Tottenham Hotspur', NULL, NULL, 'due', 1617204600),
(767, NULL, '2021-04-01 19:00:00', 'Arsenal', 'Newcastle United', NULL, NULL, 'due', 1617303600),
(768, NULL, '2021-04-02 18:45:00', 'Watford', 'Fulham', NULL, NULL, 'due', 1617389100),
(769, NULL, '2021-04-02 18:45:00', 'Wolverhampton Wanderers', 'Manchester United', NULL, NULL, 'due', 1617389100),
(770, NULL, '2021-04-03 18:45:00', 'Tottenham Hotspur', 'Crystal Palace', NULL, NULL, 'due', 1617475500),
(771, NULL, '2021-04-03 18:45:00', 'Manchester City', 'Cardiff City', NULL, NULL, 'due', 1617475500),
(772, NULL, '2021-04-03 18:45:00', 'Chelsea', 'Brighton & Hove Albion', NULL, NULL, 'due', 1617475500),
(773, NULL, '2021-04-05 19:00:00', 'Southampton', 'Liverpool', NULL, NULL, 'due', 1617649200),
(774, NULL, '2021-04-06 14:00:00', 'AFC Bournemouth', 'Burnley', NULL, NULL, 'due', 1617717600),
(775, NULL, '2021-04-06 14:00:00', 'Newcastle United', 'Crystal Palace', NULL, NULL, 'due', 1617717600),
(776, NULL, '2021-04-06 14:00:00', 'Huddersfield Town', 'Leicester City', NULL, NULL, 'due', 1617717600),
(777, NULL, '2021-04-07 13:05:00', 'Everton', 'Arsenal', NULL, NULL, 'due', 1617800700),
(778, NULL, '2021-04-08 19:00:00', 'Chelsea', 'West Ham United', NULL, NULL, 'due', 1617908400),
(779, NULL, '2021-04-12 19:00:00', 'Leicester City', 'Newcastle United', NULL, NULL, 'due', 1618254000),
(780, NULL, '2021-04-13 11:30:00', 'Tottenham Hotspur', 'Huddersfield Town', NULL, NULL, 'due', 1618313400),
(781, NULL, '2021-04-13 14:00:00', 'Burnley', 'Cardiff City', NULL, NULL, 'due', 1618322400),
(782, NULL, '2021-04-13 14:00:00', 'Southampton', 'Wolverhampton Wanderers', NULL, NULL, 'due', 1618322400),
(783, NULL, '2021-04-13 14:00:00', 'Fulham', 'Everton', NULL, NULL, 'due', 1618322400),
(784, NULL, '2021-04-13 14:00:00', 'Brighton & Hove Albion', 'AFC Bournemouth', NULL, NULL, 'due', 1618322400),
(785, NULL, '2021-04-13 16:30:00', 'Manchester United', 'West Ham United', NULL, NULL, 'due', 1618331400),
(786, NULL, '2021-04-14 13:05:00', 'Crystal Palace', 'Manchester City', NULL, NULL, 'due', 1618405500),
(787, NULL, '2021-04-14 15:30:00', 'Liverpool', 'Chelsea', NULL, NULL, 'due', 1618414200),
(788, NULL, '2021-04-15 19:00:00', 'Watford', 'Arsenal', NULL, NULL, 'due', 1618513200),
(789, NULL, '2021-04-16 18:45:00', 'Brighton & Hove Albion', 'Cardiff City', NULL, NULL, 'due', 1618598700),
(790, NULL, '2021-04-20 11:30:00', 'Manchester City', 'Tottenham Hotspur', NULL, NULL, 'due', 1618918200),
(791, NULL, '2021-04-20 14:00:00', 'AFC Bournemouth', 'Fulham', NULL, NULL, 'due', 1618927200),
(792, NULL, '2021-04-20 14:00:00', 'West Ham United', 'Leicester City', NULL, NULL, 'due', 1618927200),
(793, NULL, '2021-04-20 14:00:00', 'Wolverhampton Wanderers', 'Brighton & Hove Albion', NULL, NULL, 'due', 1618927200),
(794, NULL, '2021-04-20 14:00:00', 'Huddersfield Town', 'Watford', NULL, NULL, 'due', 1618927200),
(795, NULL, '2021-04-20 16:30:00', 'Newcastle United', 'Southampton', NULL, NULL, 'due', 1618936200),
(796, NULL, '2021-04-21 12:30:00', 'Everton', 'Manchester United', NULL, NULL, 'due', 1619008200),
(797, NULL, '2021-04-21 15:00:00', 'Arsenal', 'Crystal Palace', NULL, NULL, 'due', 1619017200),
(798, NULL, '2021-04-21 15:00:00', 'Cardiff City', 'Liverpool', NULL, NULL, 'due', 1619017200),
(799, NULL, '2021-04-22 19:00:00', 'Chelsea', 'Burnley', NULL, NULL, 'due', 1619118000),
(800, NULL, '2021-04-23 18:45:00', 'Tottenham Hotspur', 'Brighton & Hove Albion', NULL, NULL, 'due', 1619203500),
(801, NULL, '2021-04-23 18:45:00', 'Watford', 'Southampton', NULL, NULL, 'due', 1619203500),
(802, NULL, '2021-04-24 18:45:00', 'Wolverhampton Wanderers', 'Arsenal', NULL, NULL, 'due', 1619289900),
(803, NULL, '2021-04-24 19:00:00', 'Manchester United', 'Manchester City', NULL, NULL, 'due', 1619290800),
(804, NULL, '2021-04-26 19:00:00', 'Liverpool', 'Huddersfield Town', NULL, NULL, 'due', 1619463600),
(805, NULL, '2021-04-27 11:30:00', 'Tottenham Hotspur', 'West Ham United', NULL, NULL, 'due', 1619523000),
(806, NULL, '2021-04-27 14:00:00', 'Crystal Palace', 'Everton', NULL, NULL, 'due', 1619532000),
(807, NULL, '2021-04-27 14:00:00', 'Southampton', 'AFC Bournemouth', NULL, NULL, 'due', 1619532000),
(808, NULL, '2021-04-27 14:00:00', 'Watford', 'Wolverhampton Wanderers', NULL, NULL, 'due', 1619532000),
(809, NULL, '2021-04-27 14:00:00', 'Fulham', 'Cardiff City', NULL, NULL, 'due', 1619532000),
(810, NULL, '2021-04-27 16:30:00', 'Brighton & Hove Albion', 'Newcastle United', NULL, NULL, 'due', 1619541000),
(811, NULL, '2021-04-28 11:00:00', 'Leicester City', 'Arsenal', NULL, NULL, 'due', 1619607600),
(812, NULL, '2021-04-28 13:05:00', 'Burnley', 'Manchester City', NULL, NULL, 'due', 1619615100),
(813, NULL, '2021-04-28 15:30:00', 'Manchester United', 'Chelsea', NULL, NULL, 'due', 1619623800),
(814, NULL, '2021-05-03 19:00:00', 'Everton', 'Burnley', NULL, NULL, 'due', 1620068400),
(815, NULL, '2021-05-04 11:30:00', 'AFC Bournemouth', 'Tottenham Hotspur', NULL, NULL, 'due', 1620127800),
(816, NULL, '2021-05-04 14:00:00', 'West Ham United', 'Southampton', NULL, NULL, 'due', 1620136800),
(817, NULL, '2021-05-04 14:00:00', 'Wolverhampton Wanderers', 'Fulham', NULL, NULL, 'due', 1620136800),
(818, NULL, '2021-05-04 16:30:00', 'Cardiff City', 'Crystal Palace', NULL, NULL, 'due', 1620145800),
(819, NULL, '2021-05-04 18:45:00', 'Newcastle United', 'Liverpool', NULL, NULL, 'due', 1620153900),
(820, NULL, '2021-05-05 13:00:00', 'Chelsea', 'Watford', NULL, NULL, 'due', 1620219600),
(821, NULL, '2021-05-05 13:00:00', 'Huddersfield Town', 'Manchester United', NULL, NULL, 'due', 1620219600),
(822, NULL, '2021-05-05 15:30:00', 'Arsenal', 'Brighton & Hove Albion', NULL, NULL, 'due', 1620228600),
(823, NULL, '2021-05-06 19:00:00', 'Manchester City', 'Leicester City', NULL, NULL, 'due', 1620327600),
(824, NULL, '2021-05-12 14:00:00', 'Tottenham Hotspur', 'Everton', NULL, NULL, 'due', 1620828000),
(825, NULL, '2021-05-12 14:00:00', 'Leicester City', 'Chelsea', NULL, NULL, 'due', 1620828000),
(826, NULL, '2021-05-12 14:00:00', 'Crystal Palace', 'AFC Bournemouth', NULL, NULL, 'due', 1620828000),
(827, NULL, '2021-05-12 14:00:00', 'Burnley', 'Arsenal', NULL, NULL, 'due', 1620828000),
(828, NULL, '2021-05-12 14:00:00', 'Southampton', 'Huddersfield Town', NULL, NULL, 'due', 1620828000),
(829, NULL, '2021-05-12 14:00:00', 'Manchester United', 'Cardiff City', NULL, NULL, 'due', 1620828000),
(830, NULL, '2021-05-12 14:00:00', 'Liverpool', 'Wolverhampton Wanderers', NULL, NULL, 'due', 1620828000),
(831, NULL, '2021-05-12 14:00:00', 'Watford', 'West Ham United', NULL, NULL, 'due', 1620828000),
(832, NULL, '2021-05-12 14:00:00', 'Fulham', 'Newcastle United', NULL, NULL, 'due', 1620828000),
(833, NULL, '2021-05-12 14:00:00', 'Brighton & Hove Albion', 'Manchester City', NULL, NULL, 'due', 1620828000);

-- --------------------------------------------------------

--
-- Table structure for table `players`
--

CREATE TABLE `players` (
  `id` int(11) NOT NULL,
  `team_id` int(11) DEFAULT NULL,
  `name` varchar(255) NOT NULL,
  `dob` int(11) DEFAULT NULL,
  `photo` blob DEFAULT NULL,
  `position` varchar(32) DEFAULT NULL,
  `nationality` varchar(32) DEFAULT NULL
) ENGINE=InnoDB DEFAULT CHARSET=utf8mb4;

--
-- Dumping data for table `players`
--

INSERT INTO `players` (`id`, `team_id`, `name`, `dob`, `photo`, `position`, `nationality`) VALUES
(8, 10, 'David de Gea', 657964800, NULL, 'Goalkeeper', 'Spain'),
(9, 10, 'Matteo Darmian', 628588800, NULL, 'Defender', 'Italy'),
(10, 10, 'Victor Nilsson Lindelöf', 774428400, NULL, 'Defender', 'Sweden'),
(11, 10, 'Luke Shaw', 805532400, NULL, 'Defender', 'England'),
(12, 10, 'Eric Bertrand Bailly', 766134000, NULL, 'Defender', 'Côte d\'Ivoire'),
(13, 10, 'Juan Mata', 578214000, NULL, 'Midfielder', 'Spain'),
(14, 10, 'Paul Pogba', 732182400, NULL, 'Midfielder', 'France'),
(15, 10, 'Frederico Rodrigues Santos', 731318400, NULL, 'Midfielder', 'Brazil'),
(16, 10, 'Andreas Pereira', 820483200, NULL, 'Midfielder', 'Brazil'),
(17, 10, 'Alexis Sanchez', 598521600, NULL, 'Forward', 'Chile'),
(18, 10, 'Marcus Rashford', 878284800, NULL, 'Forward', 'England'),
(19, 10, 'Romelu Lukaku', 737276400, NULL, 'Forward', 'Belgium'),
(20, 10, 'Scott McTominay', 850032000, NULL, 'Midfielder', 'England'),
(21, 10, 'Marouane Fellaini', 564566400, NULL, 'Midfielder', 'Belgium'),
(22, 10, 'Anthony Martial', 818150400, NULL, 'Forward', 'France'),
(23, 10, 'Chris Smalling', 627724800, NULL, 'Defender', 'England'),
(24, 10, 'Lee Grant', 412502400, NULL, 'Goalkeeper', 'England'),
(25, 10, 'Ashley Young', 489740400, NULL, 'Midfielder', 'England'),
(26, 4, 'Kasper Schmeichel', 531561600, NULL, 'Goalkeeper', 'Denmark'),
(27, 4, 'Wes Morgan', 443520000, NULL, 'Defender', 'Jamaica'),
(28, 4, 'Harry Maguire', 731318400, NULL, 'Defender', 'England'),
(29, 4, 'Ricardo Domingos Barbosa Pereira', 749890800, NULL, 'Defender', 'Portugal'),
(30, 4, 'Ben Chilwell', 851155200, NULL, 'Defender', 'England'),
(31, 4, 'Adrien Sebastian Perruchet Silva', 605952000, NULL, 'Midfielder', 'Portugal'),
(32, 4, 'Daniel Amartey', 787996800, NULL, 'Midfielder', 'Ghana'),
(33, 4, 'Onyinye Wilfred Ndidi', 850723200, NULL, 'Midfielder', 'Nigeria'),
(34, 4, 'Demarai Gray', 835945200, NULL, 'Midfielder', 'England'),
(35, 4, 'James Maddison', 848736000, NULL, 'Midfielder', 'England'),
(36, 4, 'Kelechi Iheanacho', 844326000, NULL, 'Forward', 'Nigeria'),
(37, 4, 'Jamie Vardy', 537350400, NULL, 'Forward', 'England'),
(38, 4, 'Rachid Ghezzal', 705394800, NULL, 'Forward', 'Algeria'),
(39, 4, 'Vicente Iborra De La Fuente', 569318400, NULL, 'Midfielder', 'Spain'),
(40, 4, 'Jonny Evans', 568195200, NULL, 'Defender', 'Northern Ireland'),
(41, 4, 'Marc Albrighton', 627379200, NULL, 'Midfielder', 'England'),
(42, 4, 'Danny Ward', 740732400, NULL, 'Goalkeeper', 'Wales'),
(43, 4, 'Christian Fuchs', 513244800, NULL, 'Defender', 'Austria'),
(44, 15, 'Martin Dúbravka', 600854400, NULL, 'Goalkeeper', 'Slovakia'),
(45, 15, 'Ciaran Clark', 622796400, NULL, 'Defender', 'Republic of Ireland'),
(46, 15, 'Jamal Lascelles', 753004800, NULL, 'Defender', 'England'),
(47, 15, 'Paul Dummett', 685868400, NULL, 'Defender', 'Wales'),
(48, 15, 'DeAndre Yedlin', 742201200, NULL, 'Defender', 'USA'),
(49, 15, 'Jonjo Shelvey', 699177600, NULL, 'Midfielder', 'England'),
(50, 15, 'Mohamed Diamé', 550652400, NULL, 'Midfielder', 'Senegal'),
(51, 15, 'Matt Ritchie', 621414000, NULL, 'Midfielder', 'Scotland'),
(52, 15, 'Robert Kenedy Nunes do Nascimento', 823766400, NULL, 'Midfielder', 'Brazil'),
(53, 15, 'José Luis Sanmartín Mato', 638524800, NULL, 'Forward', 'Spain'),
(54, 15, 'Ayoze Perez', 743929200, NULL, 'Forward', 'Spain'),
(55, 15, 'Rondon', 621932400, NULL, 'Forward', 'Venezuela'),
(56, 15, 'Christian Atsu Twasam', 695030400, NULL, 'Midfielder', 'Ghana'),
(57, 15, 'Yoshinori Muto', 711183600, NULL, 'Forward', 'Japan'),
(58, 15, 'Sung-Yeung Ki', 601632000, NULL, 'Midfielder', 'South Korea'),
(59, 15, 'Fabian Schär', 693216000, NULL, 'Defender', 'Switzerland'),
(60, 15, 'Javier Manquillo Gaitán', 768121200, NULL, 'Defender', 'Spain'),
(61, 15, 'Karl Darlow', 655369200, NULL, 'Goalkeeper', 'England'),
(62, 2, 'Hugo Lloris', 535968000, NULL, 'Goalkeeper', 'France'),
(63, 2, 'Jan Vertonghen', 546246000, NULL, 'Defender', 'Belgium'),
(64, 2, 'Serge Aurier', 725184000, NULL, 'Defender', 'Côte d\'Ivoire'),
(65, 2, 'Ben Davies', 735634800, NULL, 'Defender', 'Wales'),
(66, 2, 'Davinson Sánchez Mina', 834562800, NULL, 'Defender', 'Colombia'),
(67, 2, 'Moussa Sissoko', 619254000, NULL, 'Midfielder', 'France'),
(68, 2, 'Christian Eriksen', 698054400, NULL, 'Midfielder', 'Denmark'),
(69, 2, 'Lucas Rodrigues Moura da Silva', 713689200, NULL, 'Midfielder', 'Brazil'),
(70, 2, 'Dele Alli', 829206000, NULL, 'Midfielder', 'England'),
(71, 2, 'Eric Dier', 758620800, NULL, 'Midfielder', 'England'),
(72, 2, 'Harry Kane', 743842800, NULL, 'Forward', 'England'),
(73, 2, 'Moussa Dembele', 553417200, NULL, 'Midfielder', 'Belgium'),
(74, 2, 'Heung-Min Son', 710578800, NULL, 'Forward', 'South Korea'),
(75, 2, 'Luke Amos', 856684800, NULL, 'Midfielder', 'England'),
(76, 2, 'Toby Alderweireld', 604828800, NULL, 'Defender', 'Belgium'),
(77, 2, 'Michel Vorm', 435481200, NULL, 'Goalkeeper', 'Netherlands'),
(78, 2, 'Kyle Walker-Peters', 860914800, NULL, 'Defender', 'England'),
(79, 2, 'Fernando Llorente Torres', 478252800, NULL, 'Forward', 'Spain'),
(80, 9, 'Asmir Begović', 551170800, NULL, 'Goalkeeper', 'Bosnia and Herzegovina'),
(81, 9, 'Charlie Daniels', 526460400, NULL, 'Defender', 'England'),
(82, 9, 'Adam Smith', 672908400, NULL, 'Defender', 'England'),
(83, 9, 'Steve Cook', 672044400, NULL, 'Defender', 'England'),
(84, 9, 'Nathan Aké', 793094400, NULL, 'Defender', 'Netherlands'),
(85, 9, 'Andrew Surman', 524905200, NULL, 'Midfielder', 'England'),
(86, 9, 'Dan Gosling', 633859200, NULL, 'Midfielder', 'England'),
(87, 9, 'Ryan Fraser', 762076800, NULL, 'Midfielder', 'Scotland'),
(88, 9, 'David Brooks', 868345200, NULL, 'Forward', 'England'),
(89, 9, 'Callum Wilson', 699177600, NULL, 'Forward', 'England'),
(90, 9, 'Joshua King', 695462400, NULL, 'Forward', 'Norway'),
(91, 9, 'Simon Francis', 477388800, NULL, 'Defender', 'England'),
(92, 9, 'Lys Mousset', 823766400, NULL, 'Forward', 'France'),
(93, 9, 'Jermain Defoe', 402822000, NULL, 'Forward', 'England'),
(94, 9, 'Artur Boruc', 319881600, NULL, 'Goalkeeper', 'Poland'),
(95, 9, 'Jordon Ibe', 818409600, NULL, 'Midfielder', 'England'),
(96, 9, 'Lewis Cook', 854956800, NULL, 'Midfielder', 'England'),
(97, 9, 'Tyrone Mings', 732009600, NULL, 'Defender', 'England'),
(98, 16, 'Neil Leonard Dula Etheridge', 634377600, NULL, 'Goalkeeper', 'Philippines'),
(99, 16, 'Lee Peltier', 534672000, NULL, 'Defender', 'England'),
(100, 16, 'Bruno Écuélé Manga', 585039600, NULL, 'Defender', 'Gabon'),
(101, 16, 'Souleymane Bamba', 474451200, NULL, 'Defender', 'Côte d\'Ivoire'),
(102, 16, 'Sean Morrison', 663321600, NULL, 'Defender', 'England'),
(103, 16, 'Joe Bennett', 638611200, NULL, 'Defender', 'England'),
(104, 16, 'Callum Paterson', 782031600, NULL, 'Defender', 'Scotland'),
(105, 16, 'Bobby Reid', 728640000, NULL, 'Midfielder', 'England'),
(106, 16, 'Joe Ralls', 750495600, NULL, 'Midfielder', 'England'),
(107, 16, 'David Junior Hoilett', 644569200, NULL, 'Forward', 'Canada'),
(108, 16, 'Nathaniel Mendez-Laing', 703321200, NULL, 'Midfielder', 'England'),
(109, 16, 'Danny Ward', 660729600, NULL, 'Forward', 'England'),
(110, 16, 'Josh Murphy', 793612800, NULL, 'Forward', 'England'),
(111, 16, 'Gary Madine', 651481200, NULL, 'Forward', 'England'),
(112, 16, 'Alex Smithies', 636624000, NULL, 'Goalkeeper', 'England'),
(113, 16, 'Víctor Camarasa', 770108400, NULL, 'Midfielder', 'Spain'),
(114, 16, 'Greg Cunningham', 665308800, NULL, 'Defender', 'Republic of Ireland'),
(115, 16, 'Jazz Richards', 671439600, NULL, 'Defender', 'Wales'),
(116, 17, 'Fabricio Martín Agosto Ramírez', 567936000, NULL, 'Goalkeeper', 'Spain'),
(117, 17, 'Maxime Le Marchand', 624092400, NULL, 'Defender', 'France'),
(118, 17, 'Cyrus Christie', 717836400, NULL, 'Defender', 'Republic of Ireland'),
(119, 17, 'Joe Bryan', 748249200, NULL, 'Defender', 'England'),
(120, 17, 'Calum Chambers', 790588800, NULL, 'Defender', 'England'),
(121, 17, 'Kevin McDonald', 594633600, NULL, 'Midfielder', 'Scotland'),
(122, 17, 'André Schürrle', 657878400, NULL, 'Midfielder', 'Germany'),
(123, 17, 'Tom Cairney', 664358400, NULL, 'Midfielder', 'Scotland'),
(124, 17, 'Jean Michaël Seri', 679906800, NULL, 'Midfielder', 'Côte d\'Ivoire'),
(125, 17, 'Ryan Sessegnon', 958633200, NULL, 'Defender', 'England'),
(126, 17, 'Aleksandar Mitrović', 779698800, NULL, 'Forward', 'Serbia'),
(127, 17, 'Aboubakar Kamara', 794563200, NULL, 'Forward', 'France'),
(128, 17, 'Luciano Vietto', 755078400, NULL, 'Forward', 'Argentina'),
(129, 17, 'Stefan Marius Johansen', 663321600, NULL, 'Midfielder', 'Norway'),
(130, 17, 'Neeskens Kebano', 700214400, NULL, 'Midfielder', 'Congo DR'),
(131, 17, 'Timothy Fosu-Mensah', 883728000, NULL, 'Defender', 'Netherlands'),
(132, 17, 'Sergio Rico', 746866800, NULL, 'Goalkeeper', 'Spain'),
(133, 17, 'Ibrahima Cissé', 762422400, NULL, 'Midfielder', 'Belgium'),
(134, 5, 'Wayne Hennessey', 538473600, NULL, 'Goalkeeper', 'Wales'),
(135, 5, 'Mamadou Sakho', 634896000, NULL, 'Defender', 'France'),
(136, 5, 'James Tomkins', 607161600, NULL, 'Defender', 'England'),
(137, 5, 'Patrick van Aanholt', 651913200, NULL, 'Defender', 'Netherlands'),
(138, 5, 'Jeffrey Schlupp', 725097600, NULL, 'Defender', 'Ghana'),
(139, 5, 'Aaron Wan-Bissaka', 880531200, NULL, 'Midfielder', 'England'),
(140, 5, 'James McArthur', 560588400, NULL, 'Midfielder', 'Scotland'),
(141, 5, 'Andros Townsend', 679647600, NULL, 'Midfielder', 'England'),
(142, 5, 'Luka Milivojević', 671011200, NULL, 'Midfielder', 'Serbia'),
(143, 5, 'Christian Benteke', 660211200, NULL, 'Forward', 'Belgium'),
(144, 5, 'Wilfried Zaha', 721382400, NULL, 'Midfielder', 'Côte d\'Ivoire'),
(145, 5, 'Alexander Sørloth', 818150400, NULL, 'Forward', 'Norway'),
(146, 5, 'Cheikhou Kouyaté', 630230400, NULL, 'Midfielder', 'Senegal'),
(147, 5, 'Pape N\'Diaye Souaré', 644655600, NULL, 'Defender', 'Senegal'),
(148, 5, 'Joel Ward', 625647600, NULL, 'Defender', 'England'),
(149, 5, 'Vicente Guaita', 537264000, NULL, 'Goalkeeper', 'Spain'),
(150, 5, 'Martin Kelly', 641199600, NULL, 'Defender', 'England'),
(151, 5, 'Jaïro Riedewald', 842252400, NULL, 'Defender', 'Netherlands'),
(152, 19, 'Ben Hamer', 564393600, NULL, 'Goalkeeper', 'England'),
(153, 19, 'Mathias Jattah-Njie Jørgensen', 640854000, NULL, 'Defender', 'Denmark'),
(154, 19, 'Chris Löwe', 608713200, NULL, 'Defender', 'Germany'),
(155, 19, 'Christopher Schindler', 641372400, NULL, 'Defender', 'Germany'),
(156, 19, 'Terence Kongolo', 761212800, NULL, 'Defender', 'Netherlands'),
(157, 19, 'Florent Hadergjonaj', 775638000, NULL, 'Defender', 'Switzerland'),
(158, 19, 'Jonathan Hogg', 597398400, NULL, 'Midfielder', 'England'),
(159, 19, 'Aaron Mooy', 653382000, NULL, 'Midfielder', 'Australia'),
(160, 19, 'Alex Pritchard', 736412400, NULL, 'Midfielder', 'England'),
(161, 19, 'Philip Billing', 834476400, NULL, 'Midfielder', 'Denmark'),
(162, 19, 'Steve Mounié', 780822000, NULL, 'Forward', 'Benin'),
(163, 19, 'Laurent Depoitre', 597484800, NULL, 'Forward', 'Belgium'),
(164, 19, 'Adama Diakhaby', 836550000, NULL, 'Forward', 'France'),
(165, 19, 'Jonas Lössl', 602323200, NULL, 'Goalkeeper', 'Denmark'),
(166, 19, 'Tom Smith', 703234800, NULL, 'Defender', 'England'),
(167, 19, 'Ramadan Sobhi', 854006400, NULL, 'Forward', 'Egypt'),
(168, 19, 'Rajiv van La Parra', 676018800, NULL, 'Midfielder', 'Netherlands'),
(169, 19, 'Jon Gorenc Stankovič', 821606400, NULL, 'Defender', 'Slovenia'),
(170, 12, 'Kepa Arrizabalaga', 781167600, NULL, 'Goalkeeper', 'Spain'),
(171, 12, 'David Luiz', 546073200, NULL, 'Defender', 'Brazil'),
(172, 12, 'Cesar Azpilicueta', 620290800, NULL, 'Defender', 'Spain'),
(173, 12, 'Marcos Alonso', 662371200, NULL, 'Defender', 'Spain'),
(174, 12, 'Antonio Rüdiger', 731145600, NULL, 'Defender', 'Germany'),
(175, 12, 'Ross Barkley', 755078400, NULL, 'Midfielder', 'England'),
(176, 12, 'Jorginho', 693216000, NULL, 'Midfielder', 'Italy'),
(177, 12, 'N\'Golo Kanté', 670233600, NULL, 'Midfielder', 'France'),
(178, 12, 'Willian', 587113200, NULL, 'Forward', 'Brazil'),
(179, 12, 'Pedro Rodriguez', 554454000, NULL, 'Midfielder', 'Spain'),
(180, 12, 'Alvaro Morata', 719823600, NULL, 'Forward', 'Spain'),
(181, 12, 'Ruben Loftus-Cheek', 822384000, NULL, 'Midfielder', 'England'),
(182, 12, 'Eden Hazard', 663235200, NULL, 'Midfielder', 'Belgium'),
(183, 12, 'Victor Moses', 660988800, NULL, 'Midfielder', 'Nigeria'),
(184, 12, 'Wilfredo Daniel Caballero', 370508400, NULL, 'Goalkeeper', 'Argentina'),
(185, 12, 'Olivier Giroud', 528447600, NULL, 'Forward', 'France'),
(186, 12, 'Davide Zappacosta', 708246000, NULL, 'Defender', 'Italy'),
(187, 12, 'Andreas Christensen', 829119600, NULL, 'Defender', 'Denmark'),
(188, 14, 'Ben Foster', 418204800, NULL, 'Goalkeeper', 'England'),
(189, 14, 'José Holebas', 457167600, NULL, 'Defender', 'Greece'),
(190, 14, 'Craig Cathcart', 602755200, NULL, 'Defender', 'Northern Ireland'),
(191, 14, 'Christian Kabasele', 667382400, NULL, 'Defender', 'Belgium'),
(192, 14, 'Daryl Janmaat', 617094000, NULL, 'Defender', 'Netherlands'),
(193, 14, 'Etienne Capoue', 584607600, NULL, 'Midfielder', 'France'),
(194, 14, 'Roberto Maximiliano Pereyra', 663235200, NULL, 'Forward', 'Argentina'),
(195, 14, 'Abdoulaye Doucouré', 725875200, NULL, 'Midfielder', 'France'),
(196, 14, 'Will Hughes', 798102000, NULL, 'Midfielder', 'England'),
(197, 14, 'Troy Deeney', 583570800, NULL, 'Forward', 'England'),
(198, 14, 'Andre Gray', 677919600, NULL, 'Forward', 'England'),
(199, 14, 'Isaac Ajayi Success', 821001600, NULL, 'Forward', 'Nigeria'),
(200, 14, 'Ken Sema', 749372400, NULL, 'Midfielder', 'Sweden'),
(201, 14, 'Francisco Femenía Far', 665481600, NULL, 'Midfielder', 'Spain'),
(202, 14, 'Heurelho da Silva Gomes', 351072000, NULL, 'Goalkeeper', 'Brazil'),
(203, 14, 'Sebastian Prödl', 551257200, NULL, 'Defender', 'Austria'),
(204, 14, 'Adrian Mariappa', 528706800, NULL, 'Defender', 'Jamaica'),
(205, 14, 'Adam Masina', 757497600, NULL, 'Defender', 'Italy'),
(206, 18, 'Mathew Ryan', 702716400, NULL, 'Goalkeeper', 'Australia'),
(207, 18, 'Bruno Saltor Grau', 339231600, NULL, 'Defender', 'Spain'),
(208, 18, 'Shane Duffy', 694252800, NULL, 'Defender', 'Republic of Ireland'),
(209, 18, 'Lewis Dunk', 690710400, NULL, 'Defender', 'England'),
(210, 18, 'Bernardo', 800434800, NULL, 'Defender', 'Brazil'),
(211, 18, 'Dale Stephens', 613638000, NULL, 'Midfielder', 'England'),
(212, 18, 'Pascal Groß', 676969200, NULL, 'Midfielder', 'Germany'),
(213, 18, 'Davy Pröpper', 683794800, NULL, 'Midfielder', 'Netherlands'),
(214, 18, 'Anthony Knockaert', 690624000, NULL, 'Midfielder', 'France'),
(215, 18, 'Solomon March', 774687600, NULL, 'Midfielder', 'England'),
(216, 18, 'Glenn Murray', 433321200, NULL, 'Forward', 'England'),
(217, 18, 'Gaëtan Bong Songo', 577954800, NULL, 'Defender', 'Cameroon'),
(218, 18, 'Yves Bissouma', 841388400, NULL, 'Midfielder', 'Mali'),
(219, 18, 'Alireza Jahanbakhsh', 745052400, NULL, 'Forward', 'Iran'),
(220, 18, 'Beram Kayal', 578559600, NULL, 'Midfielder', 'Israel'),
(221, 18, 'Jürgen Locadia', 752659200, NULL, 'Forward', 'Netherlands'),
(222, 18, 'Leon Balogun', 583484400, NULL, 'Defender', 'Nigeria'),
(223, 18, 'David Button', 604569600, NULL, 'Goalkeeper', 'England'),
(224, 20, 'Rui Pedro dos Santos Patrício', 571910400, NULL, 'Goalkeeper', 'Portugal'),
(225, 20, 'Ryan Bennett', 636710400, NULL, 'Defender', 'England'),
(226, 20, 'Willy Boly', 665568000, NULL, 'Defender', 'France'),
(227, 20, 'Matt Doherty', 695548800, NULL, 'Defender', 'Republic of Ireland'),
(228, 20, 'Conor Coady', 730627200, NULL, 'Midfielder', 'England'),
(229, 20, 'Jonny', 762681600, NULL, 'Defender', 'Spain'),
(230, 20, 'João Moutinho', 526546800, NULL, 'Midfielder', 'Portugal'),
(231, 20, 'Rúben Diogo Da Silva Neves', 858240000, NULL, 'Midfielder', 'Portugal'),
(232, 20, 'Diogo José Teixeira da Silva', 849686400, NULL, 'Midfielder', 'Portugal'),
(233, 20, 'Hélder Wander Sousa Azevedo Costa', 758361600, NULL, 'Midfielder', 'Portugal'),
(234, 20, 'Raúl Alonso Jiménez Rodríguez', 673426800, NULL, 'Forward', 'Mexico'),
(235, 20, 'Leonardo Bonatini Lohner Maia', 764841600, NULL, 'Forward', 'Brazil'),
(236, 20, 'Rúben Gonçalo Silva Nascimento Vinagre', 923641200, NULL, 'Defender', 'Portugal'),
(237, 20, 'Morgan Gibbs-White', 948960000, NULL, 'Midfielder', 'England'),
(238, 20, 'Bright Enobakhare', 886924800, NULL, 'Forward', 'England'),
(239, 20, 'John Ruddy', 530521200, NULL, 'Goalkeeper', 'England'),
(240, 20, 'Romain Saïss', 638438400, NULL, 'Midfielder', 'Morocco'),
(241, 20, 'Kortney Hause', 805878000, NULL, 'Defender', 'England'),
(242, 6, 'Jordan Pickford', 763027200, NULL, 'Goalkeeper', 'England'),
(243, 6, 'Phil Jagielka', 398415600, NULL, 'Defender', 'England'),
(244, 6, 'Leighton Baines', 471600000, NULL, 'Defender', 'England'),
(245, 6, 'Séamus Coleman', 592556400, NULL, 'Defender', 'Republic of Ireland'),
(246, 6, 'Michael Keane', 726739200, NULL, 'Defender', 'England'),
(247, 6, 'Morgan Schneiderlin', 626515200, NULL, 'Midfielder', 'France'),
(248, 6, 'Gylfi Sigurdsson', 621241200, NULL, 'Midfielder', 'Iceland'),
(249, 6, 'Idrissa Gana Gueye', 622796400, NULL, 'Midfielder', 'Senegal'),
(250, 6, 'Theo Walcott', 606038400, NULL, 'Forward', 'England'),
(251, 6, 'Cenk Tosun', 676278000, NULL, 'Forward', 'Turkey'),
(252, 6, 'Richarlison de Andrade', 863247600, NULL, 'Forward', 'Brazil'),
(253, 6, 'Mason Holgate', 845967600, NULL, 'Defender', 'England'),
(254, 16, 'Oumar Niasse', 640422000, NULL, 'Forward', 'Senegal'),
(255, 6, 'Lucas Digne', 743151600, NULL, 'Defender', 'France'),
(256, 6, 'Sandro Ramirez', 805273200, NULL, 'Forward', 'Spain'),
(257, 6, 'Maarten Stekelenburg', 401526000, NULL, 'Goalkeeper', 'Netherlands'),
(258, 6, 'Tom Davies', 899190000, NULL, 'Midfielder', 'England'),
(259, 6, 'Dominic Calvert-Lewin', 858499200, NULL, 'Forward', 'England'),
(260, 11, 'Alisson Becker', 718009200, NULL, 'Goalkeeper', 'Brazil'),
(261, 11, 'Virgil van Dijk', 678956400, NULL, 'Defender', 'Netherlands'),
(262, 11, 'Andrew Robertson', 763372800, NULL, 'Defender', 'Scotland'),
(263, 11, 'Joe Gomez', 864370800, NULL, 'Defender', 'England'),
(264, 11, 'Trent Alexander-Arnold', 907743600, NULL, 'Defender', 'England'),
(265, 11, 'James Milner', 505209600, NULL, 'Midfielder', 'England'),
(266, 11, 'Georginio Wijnaldum', 658310400, NULL, 'Midfielder', 'Netherlands'),
(267, 11, 'Naby Deco Keïta', 792403200, NULL, 'Midfielder', 'Guinea'),
(268, 11, 'Roberto Firmino', 686386800, NULL, 'Forward', 'Brazil'),
(269, 11, 'Mohamed Salah', 708591600, NULL, 'Forward', 'Egypt'),
(270, 11, 'Sadio Mané', 702889200, NULL, 'Forward', 'Senegal'),
(271, 11, 'Jordan Henderson', 645606000, NULL, 'Midfielder', 'England'),
(272, 11, 'Xherdan Shaqiri', 687078000, NULL, 'Midfielder', 'Switzerland'),
(273, 11, 'Daniel Sturridge', 620636400, NULL, 'Forward', 'England'),
(274, 11, 'Loris Karius', 740732400, NULL, 'Goalkeeper', 'Germany'),
(275, 9, 'Nathaniel Clyne', 670838400, NULL, 'Defender', 'England'),
(276, 11, 'Fabinho', 751359600, NULL, 'Midfielder', 'Brazil'),
(277, 11, 'Adam David Lallana', 579250800, NULL, 'Midfielder', 'England'),
(278, 13, 'Łukasz Fabiański', 482659200, NULL, 'Goalkeeper', 'Poland'),
(279, 13, 'Angelo Ogbonna', 580374000, NULL, 'Defender', 'Italy'),
(280, 13, 'Arthur Masuaku', 752659200, NULL, 'Defender', 'France'),
(281, 13, 'Ryan Fredericks', 718700400, NULL, 'Midfielder', 'England'),
(282, 13, 'Fabián Cornelio Balbuena González', 682930800, NULL, 'Defender', 'Paraguay'),
(283, 13, 'Mark Noble', 547455600, NULL, 'Midfielder', 'England'),
(284, 13, 'Jack Wilshere', 694252800, NULL, 'Midfielder', 'England'),
(285, 13, 'Michail Antonio', 638611200, NULL, 'Midfielder', 'England'),
(286, 13, 'Felipe Anderson Pereira Gomes', 734857200, NULL, 'Midfielder', 'Brazil'),
(287, 13, 'Declan Rice', 916300800, NULL, 'Midfielder', 'Republic of Ireland'),
(288, 13, 'Marko Arnautović', 608972400, NULL, 'Forward', 'Austria'),
(289, 13, 'Robert Snodgrass', 557996400, NULL, 'Midfielder', 'Scotland'),
(290, 13, 'Javier Hernandez', 581151600, NULL, 'Forward', 'Mexico'),
(291, 13, 'Andriy Yarmolenko', 625129200, NULL, 'Forward', 'Ukraine'),
(292, 13, 'Pablo Zabaleta', 474710400, NULL, 'Defender', 'Argentina'),
(293, 13, 'Adrián San Miguel del Castillo', 536659200, NULL, 'Goalkeeper', 'Spain'),
(294, 13, 'Pedro Obiang', 701683200, NULL, 'Midfielder', 'Equatorial Guinea'),
(295, 13, 'Issa Diop', 852796800, NULL, 'Defender', 'France'),
(296, 8, 'Alex McCarthy', 628675200, NULL, 'Goalkeeper', 'England'),
(297, 8, 'Ryan Bertrand', 618303600, NULL, 'Defender', 'England'),
(298, 8, 'Cedric Soares', 683622000, NULL, 'Defender', 'Portugal'),
(299, 8, 'Jannik Vestergaard', 712825200, NULL, 'Defender', 'Denmark'),
(300, 8, 'Jack Stephens', 759657600, NULL, 'Defender', 'England'),
(301, 8, 'Wesley Hoedt', 762940800, NULL, 'Defender', 'Netherlands'),
(302, 8, 'Oriol Romeu', 685695600, NULL, 'Midfielder', 'Spain'),
(303, 8, 'Stuart Armstrong', 701942400, NULL, 'Midfielder', 'Scotland'),
(304, 8, 'Nathan Redmond', 762940800, NULL, 'Midfielder', 'England'),
(305, 8, 'Mario Lemina', 746866800, NULL, 'Midfielder', 'Gabon'),
(306, 8, 'Charlie Austin', 615625200, NULL, 'Forward', 'England'),
(307, 8, 'Daniel William John Ings', 711874800, NULL, 'Forward', 'England'),
(308, 8, 'Mohamed Elyounoussi', 775983600, NULL, 'Midfielder', 'Norway'),
(309, 8, 'Manolo Gabbiadini', 691142400, NULL, 'Forward', 'Italy'),
(310, 8, 'James Ward-Prowse', 783676800, NULL, 'Midfielder', 'England'),
(311, 8, 'Pierre-Emile Højbjerg', 807606000, NULL, 'Midfielder', 'Denmark'),
(312, 8, 'Angus Gunn', 822297600, NULL, 'Goalkeeper', 'England'),
(313, 8, 'Jan Bednarek', 829292400, NULL, 'Defender', 'Poland'),
(314, 7, 'Joe Hart', 545814000, NULL, 'Goalkeeper', 'England'),
(315, 7, 'Stephen Ward', 493369200, NULL, 'Defender', 'Republic of Ireland'),
(316, 7, 'Matthew Lowton', 613378800, NULL, 'Defender', 'England'),
(317, 7, 'Ben Mee', 622364400, NULL, 'Defender', 'England'),
(318, 7, 'James Tarkowski', 722160000, NULL, 'Defender', 'England'),
(319, 7, 'Aaron Lennon', 545554800, NULL, 'Midfielder', 'England'),
(320, 7, 'Jack Cork', 614761200, NULL, 'Midfielder', 'England'),
(321, 7, 'Johann Berg Guðmunds­son', 657010800, NULL, 'Midfielder', 'Iceland'),
(322, 7, 'Ashley Westwood', 638956800, NULL, 'Midfielder', 'England'),
(323, 7, 'Jeff Hendrick', 696844800, NULL, 'Midfielder', 'Republic of Ireland'),
(324, 7, 'Chris Wood', 692092800, NULL, 'Forward', 'New Zealand'),
(325, 7, 'Sam Vokes', 624956400, NULL, 'Forward', 'Wales'),
(326, 7, 'Ashley Barnes', 625737600, NULL, 'Forward', 'England'),
(327, 7, 'Charlie Taylor', 748335600, NULL, 'Defender', 'England'),
(328, 7, 'Tom Heaton', 513936000, NULL, 'Goalkeeper', 'England'),
(329, 7, 'Ben Gibson', 727084800, NULL, 'Defender', 'England'),
(330, 7, 'Jonathan Walters', 432889200, NULL, 'Forward', 'Republic of Ireland'),
(331, 7, 'Phil Bardsley', 488790000, NULL, 'Defender', 'Scotland'),
(332, 1, 'Petr Čech', 390726000, NULL, 'Goalkeeper', 'Czech Republic'),
(333, 1, 'Sokratis Papastathopoulos', 581842800, NULL, 'Defender', 'Greece'),
(334, 1, 'Shkodran Mustafi', 703494000, NULL, 'Defender', 'Germany'),
(335, 1, 'Hector Bellerin', 795600000, NULL, 'Defender', 'Spain'),
(336, 1, 'Mesut Özil', 592902000, NULL, 'Midfielder', 'Germany'),
(337, 1, 'Henrikh Mkhitaryan', 601372800, NULL, 'Midfielder', 'Armenia'),
(338, 1, 'Aaron Ramsey', 662198400, NULL, 'Midfielder', 'Wales'),
(339, 1, 'Granit Xhaka', 717577200, NULL, 'Midfielder', 'Switzerland'),
(340, 1, 'Ainsley Maitland-Niles', 872838000, NULL, 'Midfielder', 'England'),
(341, 1, 'Mattéo Guendouzi Olié', 924073200, NULL, 'Midfielder', 'France'),
(342, 1, 'Pierre-Emerick Aubameyang', 614156400, NULL, 'Forward', 'Gabon'),
(343, 1, 'Stephan Lichtsteiner', 443088000, NULL, 'Defender', 'Switzerland'),
(344, 1, 'Alexandre Lacazette', 675414000, NULL, 'Forward', 'France'),
(345, 1, 'Lucas Torreira', 824025600, NULL, 'Midfielder', 'Uruguay'),
(346, 1, 'Mohamed Elneny', 710838000, NULL, 'Midfielder', 'Egypt'),
(347, 1, 'Rob Holding', 811580400, NULL, 'Defender', 'England'),
(348, 1, 'Alex Iwobi', 831106800, NULL, 'Forward', 'Nigeria'),
(349, 1, 'Bernd Leno', 699696000, NULL, 'Goalkeeper', 'Germany'),
(350, 3, 'Ederson', 745570800, NULL, 'Goalkeeper', 'Brazil'),
(351, 3, 'Kyle Walker', 643878000, NULL, 'Defender', 'England'),
(352, 3, 'Benjamin Mendy', 774428400, NULL, 'Defender', 'France'),
(353, 3, 'Aymeric Laporte', 770022000, NULL, 'Defender', 'France'),
(354, 3, 'John Stones', 770108400, NULL, 'Defender', 'England'),
(355, 3, 'Fernando Luiz Rosa', 484038000, NULL, 'Midfielder', 'Brazil'),
(356, 3, 'İlkay Gündoğan', 656751600, NULL, 'Midfielder', 'Germany'),
(357, 3, 'Riyad Mahrez', 667123200, NULL, 'Midfielder', 'Algeria'),
(358, 3, 'Bernardo Silva', 776502000, NULL, 'Midfielder', 'Portugal'),
(359, 3, 'Sergio Aguero', 581238000, NULL, 'Forward', 'Argentina'),
(360, 3, 'Raheem Sterling', 786873600, NULL, 'Forward', 'England'),
(361, 3, 'Kevin De Bruyne', 678092400, NULL, 'Midfielder', 'Belgium'),
(362, 3, 'Gabriel Jesus', 860054400, NULL, 'Forward', 'Brazil'),
(363, 3, 'Leroy Sané', 821347200, NULL, 'Midfielder', 'Germany'),
(364, 3, 'Claudio Andrés Bravo Muñoz', 419068800, NULL, 'Goalkeeper', 'Chile'),
(365, 3, 'Vincent Kompany', 513504000, NULL, 'Defender', 'Belgium'),
(366, 3, 'Nicolas Otamendi', 571651200, NULL, 'Defender', 'Argentina'),
(367, 3, 'Philip Foden', 959497200, NULL, 'Midfielder', 'England'),
(368, 16, 'Harry Arter', 630835200, NULL, 'Midfielder', 'Republic of Ireland'),
(369, 16, 'Kenneth Dahrup Zohorè', 760003200, NULL, 'Forward', 'Denmark'),
(370, 15, 'Isaac Hayden', 795859200, NULL, 'Midfielder', 'England'),
(371, 15, 'Jacob Murphy', 793612800, NULL, 'Midfielder', 'England'),
(372, 15, 'Federico Fernández', 604051200, NULL, 'Defender', 'Argentina'),
(373, 13, 'Carlos Sánchez', 508060800, NULL, 'Midfielder', 'Colombia'),
(374, 13, 'Lucas Perez', 589878000, NULL, 'Forward', 'Spain'),
(375, 13, 'Aaron Cresswell', 629712000, NULL, 'Defender', 'England'),
(376, 6, 'Kurt Zouma', 783241200, NULL, 'Defender', 'France'),
(377, 6, 'Ademola Lookman', 877330800, NULL, 'Forward', 'England'),
(378, 6, 'Jonjoe Kenny', 858412800, NULL, 'Defender', 'England'),
(379, 8, 'Shane Long', 538300800, NULL, 'Forward', 'Republic of Ireland'),
(380, 8, 'Maya Yoshida', 588409200, NULL, 'Defender', 'Japan'),
(381, 8, 'Matt Targett', 811407600, NULL, 'Defender', 'England'),
(382, 4, 'Nampalys Mendy', 709282800, NULL, 'Midfielder', 'France'),
(383, 20, 'Adama Traoré Diarra', 822556800, NULL, 'Midfielder', 'Spain'),
(384, 2, 'Kieran Trippier', 653727600, NULL, 'Defender', 'England'),
(385, 2, 'Erik Lamela', 699696000, NULL, 'Midfielder', 'Argentina'),
(386, 2, 'Harry Winks', 823248000, NULL, 'Midfielder', 'England'),
(387, 2, 'Danny Rose', 646902000, NULL, 'Defender', 'England'),
(388, 17, 'André-Frank Zambo Anguissa', 816508800, NULL, 'Midfielder', 'Cameroon'),
(389, 12, 'Mateo Kovačić', 768207600, NULL, 'Midfielder', 'Croatia'),
(390, 1, 'Nacho Monreal', 509788800, NULL, 'Defender', 'Spain'),
(391, 1, 'Danny Welbeck', 659606400, NULL, 'Forward', 'England'),
(392, 3, 'David Silva', 505555200, NULL, 'Midfielder', 'Spain'),
(393, 19, 'Abdelhamid Sabiri', 849168000, NULL, 'Midfielder', 'Morocco'),
(394, 19, 'Isaac Mbenza', 826272000, NULL, 'Forward', 'Belgium'),
(395, 19, 'Daniel Williams', 605347200, NULL, 'Midfielder', 'USA'),
(396, 7, 'Kevin Long', 650962800, NULL, 'Defender', 'Republic of Ireland'),
(397, 18, 'Martín Montoya', 671612400, NULL, 'Defender', 'Spain'),
(398, 10, 'Jesse Lingard', 724406400, NULL, 'Midfielder', 'England'),
(399, 10, 'Ander Herrera', 619081200, NULL, 'Midfielder', 'Spain'),
(400, 5, 'Max Meyer', 811407600, NULL, 'Midfielder', 'Germany'),
(401, 5, 'Jordan Ayew', 684572400, NULL, 'Forward', 'Ghana'),
(402, 11, 'Alberto Moreno', 710319600, NULL, 'Defender', 'Spain'),
(403, 11, 'Simon Mignolet', 573638400, NULL, 'Goalkeeper', 'Belgium'),
(404, 11, 'Joel Matip', 681634800, NULL, 'Defender', 'Cameroon'),
(405, 3, 'Fabian Delph', 627638400, NULL, 'Midfielder', 'England'),
(406, 3, 'Arijanet Muric', 910425600, NULL, 'Goalkeeper', 'Montenegro'),
(407, 9, 'Jefferson Lerma', 783068400, NULL, 'Midfielder', 'Colombia'),
(408, 6, 'Bernard Anício Caldeira Duarte', 715935600, NULL, 'Midfielder', 'Brazil'),
(409, 6, 'Kieran Dowell', 876466800, NULL, 'Midfielder', 'England'),
(410, 8, 'Steven Davis', 473414400, NULL, 'Midfielder', 'Northern Ireland'),
(411, 4, 'Shinji Okazaki', 514022400, NULL, 'Forward', 'Japan'),
(412, 18, 'Markus Suttner', 545554800, NULL, 'Defender', 'Austria'),
(413, 5, 'Sullay Kaikai', 809420400, NULL, 'Midfielder', 'England'),
(414, 17, 'Marcus Bettinelli', 706690800, NULL, 'Goalkeeper', 'England'),
(415, 17, 'Denis Odoi', 580719600, NULL, 'Defender', 'Belgium'),
(416, 15, 'Jamie Sterry', 816940800, NULL, 'Defender', 'England'),
(417, 15, 'Sean Longstaff', 878198400, NULL, 'Midfielder', 'England'),
(418, 10, 'Antonio Valencia', 491986800, NULL, 'Defender', 'Ecuador'),
(419, 10, 'Phil Jones', 698659200, NULL, 'Defender', 'England'),
(420, 10, 'Nemanja Matić', 586422000, NULL, 'Midfielder', 'Serbia'),
(421, 17, 'Alfie Mawson', 758966400, NULL, 'Defender', 'England'),
(422, 9, 'Diego Rico', 730454400, NULL, 'Defender', 'Spain'),
(423, 19, 'Jason Puncheon', 520153200, NULL, 'Midfielder', 'England'),
(424, 6, 'Tyias Browning', 770022000, NULL, 'Defender', 'England'),
(425, 19, 'Elias Kachunga', 703926000, NULL, 'Forward', 'Congo DR'),
(426, 19, 'Erik Durm', 705654000, NULL, 'Defender', 'Germany'),
(427, 19, 'Ryan Schofield', 944899200, NULL, 'Goalkeeper', 'England'),
(428, 16, 'Kadeem Harris', 739522800, NULL, 'Midfielder', 'England'),
(429, 16, 'Brian Murphy', 421138800, NULL, 'Goalkeeper', 'Republic of Ireland'),
(430, 7, 'Dwight McNeil', 943257600, NULL, 'Forward', 'England'),
(431, 7, 'Matěj Vydra', 704703600, NULL, 'Forward', 'Czech Republic'),
(432, 14, 'Nathaniel Chalobah', 787219200, NULL, 'Midfielder', 'England'),
(433, 2, 'Victor Wanyama', 677833200, NULL, 'Midfielder', 'Kenya'),
(434, 2, 'Paulo Dino Gazzaniga', 694339200, NULL, 'Goalkeeper', 'Argentina'),
(435, 12, 'Danny Drinkwater', 636624000, NULL, 'Midfielder', 'England'),
(436, 3, 'Oleksandr Zinchenko', 850636800, NULL, 'Midfielder', 'Ukraine'),
(437, 17, 'Floyd Ayité', 598176000, NULL, 'Midfielder', 'Togo'),
(438, 9, 'Junior Stanislas', 628070400, NULL, 'Midfielder', 'England'),
(439, 10, 'Sergio Germán Romero', 540979200, NULL, 'Goalkeeper', 'Argentina'),
(440, 18, 'Florin Andone', 734511600, NULL, 'Forward', 'Romania'),
(441, 2, 'Alfie Whiteman', 907311600, NULL, 'Goalkeeper', 'England'),
(442, 12, 'Gary Cahill', 503827200, NULL, 'Defender', 'England'),
(443, 12, 'Cesc Fabregas', 547110000, NULL, 'Midfielder', 'Spain'),
(444, 13, 'Grady Diangana', 892969200, NULL, 'Midfielder', 'England'),
(445, 1, 'Sead Kolašinac', 740559600, NULL, 'Defender', 'Bosnia and Herzegovina'),
(446, 14, 'Marc Navarro Ceciliano', 804668400, NULL, 'Defender', 'Spain'),
(447, 17, 'Tim Ream', 560415600, NULL, 'Defender', 'USA'),
(448, 3, 'Danilo', 679561200, NULL, 'Defender', 'Brazil'),
(449, 18, 'Jose Izquierdo', 710492400, NULL, 'Forward', 'Colombia'),
(450, 20, 'Ivan Ricardo Neves Abreu Cavaleiro', 750927600, NULL, 'Forward', 'Portugal'),
(451, 7, 'Steven Defour', 577090800, NULL, 'Midfielder', 'Belgium'),
(452, 2, 'Oliver Skipp', 969087600, NULL, 'Midfielder', 'England'),
(453, 16, 'Aron Einar Gunnarsson', 609231600, NULL, 'Midfielder', 'Iceland'),
(454, 14, 'Gerard Deulofeu', 763545600, NULL, 'Forward', 'Spain'),
(455, 17, 'Zeze Steven Sessegnon', 958633200, NULL, 'Defender', 'England'),
(456, 1, 'Damián Emiliano Martínez', 715417200, NULL, 'Goalkeeper', 'Argentina'),
(457, 11, 'Dejan Lovren', 615625200, NULL, 'Defender', 'Croatia'),
(458, 16, 'Loïc Damour', 663321600, NULL, 'Midfielder', 'France'),
(459, 14, 'Ben Wilmot', 941702400, NULL, 'Defender', 'England'),
(460, 14, 'Domingos Quina', 942912000, NULL, 'Midfielder', 'Portugal'),
(461, 19, 'Juninho Bacuna', 870937200, NULL, 'Midfielder', 'Netherlands'),
(462, 11, 'Divock Origi', 798188400, NULL, 'Forward', 'Belgium'),
(463, 6, 'André Filipe Tavares Gomes', 744015600, NULL, 'Midfielder', 'Portugal'),
(464, 6, 'Yerry Fernando Mina González', 780303600, NULL, 'Defender', 'Colombia'),
(465, 5, 'Connor Wickham', 733564800, NULL, 'Forward', 'England'),
(466, 1, 'Emile Smith Rowe', 964767600, NULL, 'Midfielder', 'England'),
(467, 1, 'Zechariah Medley', 962953200, NULL, 'Defender', 'England'),
(468, 4, 'Caglar Söyüncü', 832834800, NULL, 'Defender', 'Turkey'),
(469, 18, 'Jason Steele', 650962800, NULL, 'Goalkeeper', 'England'),
(470, 20, 'Leander Dendoncker', 797929200, NULL, 'Midfielder', 'Belgium'),
(471, 16, 'Matthew Connolly', 559465200, NULL, 'Defender', 'England'),
(472, 14, 'Stefano Okaka', 618649200, NULL, 'Forward', 'Italy'),
(473, 19, 'Collin Quaner', 677228400, NULL, 'Forward', 'Germany'),
(474, 13, 'Joe Powell', 909734400, NULL, 'Forward', 'England'),
(475, 13, 'Conor Coventry', 953971200, NULL, 'Midfielder', 'Republic of Ireland'),
(476, 7, 'Robbie Brady', 695376000, NULL, 'Midfielder', 'Republic of Ireland'),
(477, 10, 'Faustino Marcos Alberto Rojo', 637920000, NULL, 'Defender', 'Argentina'),
(478, 4, 'Danny Simpson', 536745600, NULL, 'Defender', 'England'),
(479, 4, 'Fousseni Diabaté', 813999600, NULL, 'Midfielder', 'Mali'),
(480, 2, 'Juan Marcos Foyth', 884592000, NULL, 'Defender', 'Argentina'),
(481, 8, 'Michael Obafemi', 962866800, NULL, 'Forward', 'Republic of Ireland'),
(482, 18, 'Viktor Gyökeres', 896943600, NULL, 'Forward', 'Sweden'),
(483, 9, 'Marc Pugh', 544348800, NULL, 'Midfielder', 'England'),
(484, 1, 'Edward Nketiah', 928047600, NULL, 'Forward', 'England'),
(485, 13, 'Andy Carroll', 600076800, NULL, 'Forward', 'England'),
(486, 15, 'Freddie Woodman', 857462400, NULL, 'Goalkeeper', 'England'),
(487, 20, 'Ryan Giles', 948873600, NULL, 'Midfielder', 'England'),
(488, 9, 'Jack Simpson', 850896000, NULL, 'Defender', 'England'),
(489, 8, 'Yann Valery', 919670400, NULL, 'Defender', 'France'),
(490, 10, 'José Diogo Dalot Teixeira', 921744000, NULL, 'Defender', 'Portugal'),
(491, 11, 'Rafael Euclides Soares Camacho', 958978800, NULL, 'Midfielder', 'Portugal'),
(492, 4, 'Josh Knight', 873615600, NULL, 'Defender', 'England'),
(493, 1, 'Laurent Koscielny', 495183600, NULL, 'Defender', 'France'),
(494, 18, 'Ben White', 876294000, NULL, 'Defender', 'England'),
(495, 12, 'Emerson Palmieri dos Santos', 775897200, NULL, 'Defender', 'Italy'),
(496, 4, 'Hamza Choudhury', 875689200, NULL, 'Midfielder', 'England'),
(497, 2, 'Georges-Kevin N\'Koudou Mbida', 792662400, NULL, 'Forward', 'France'),
(498, 5, 'Julián Speroni', 295858800, NULL, 'Goalkeeper', 'Argentina'),
(499, 5, 'Scott Dann', 540288000, NULL, 'Defender', 'England'),
(500, 2, 'Timothy Eyoma', 949132800, NULL, 'Defender', 'England'),
(501, 14, 'Tom Cleverley', 618908400, NULL, 'Midfielder', 'England'),
(502, 13, 'Alexandre Nascimento Costa Silva', 858499200, NULL, 'Forward', 'Portugal'),
(503, 8, 'Tyreke Johnson', 910080000, NULL, 'Defender', 'England'),
(504, 1, 'Bakayo Sako', 0, NULL, 'Midfielder', 'England'),
(505, 7, 'Ali Koiki', 966927600, NULL, 'Defender', 'England'),
(506, 8, 'Kayne Ramsey', 971161200, NULL, 'Midfielder', 'England'),
(507, 20, 'Max Kilman', 864370800, NULL, 'Defender', 'England'),
(508, 10, 'Angel Gomes', 967705200, NULL, 'Midfielder', 'England'),
(509, 1, 'Joseph Willock', 935132400, NULL, 'Midfielder', 'England'),
(510, 12, 'Callum Hudson-Odoi', 973584000, NULL, 'Midfielder', 'England'),
(511, 14, 'Miguel Ángel Britos Cabrera', 490431600, NULL, 'Defender', 'Uruguay'),
(512, 12, 'Ethan Ampadu', 968914800, NULL, 'Midfielder', 'Wales'),
(513, 8, 'Callum Slattery', 918460800, NULL, 'Midfielder', 'England'),
(514, 13, 'Samir Nasri', 551689200, NULL, 'Midfielder', 'France'),
(515, 15, 'Florian Lejeune', 674722800, NULL, 'Defender', 'France'),
(516, 18, 'Max Harrison Sanders', 915436800, NULL, 'Midfielder', 'England'),
(517, 16, 'Rhys Healey', 786700800, NULL, 'Forward', 'England'),
(518, 4, 'Harvey Lewis Barnes', 881654400, NULL, 'Midfielder', 'England'),
(519, 8, 'Sam Gallagher', 811148400, NULL, 'Forward', 'England'),
(520, 8, 'Joshua Sims', 859536000, NULL, 'Midfielder', 'England'),
(521, 5, 'Joe Daniel Tupper', 879580800, NULL, 'Goalkeeper', 'England'),
(522, 15, 'Callum Roberts', 861001200, NULL, 'Forward', 'England'),
(523, 17, 'Ryan Guno Babel', 535363200, NULL, 'Forward', 'Netherlands'),
(524, 2, 'Kazaiah Sterling', 910598400, NULL, 'Forward', 'England'),
(525, 1, 'Carl Jenkinson', 697536000, NULL, 'Defender', 'England'),
(526, 1, 'Konstantinos Mavropanos', 881827200, NULL, 'Defender', 'Greece'),
(527, 18, 'Dan Burn', 705394800, NULL, 'Defender', 'England'),
(528, 6, 'James McCarthy', 658396800, NULL, 'Midfielder', 'Republic of Ireland'),
(529, 7, 'Josh Benson', 944380800, NULL, 'Midfielder', 'England'),
(530, 9, 'Chris Mepham', 878716800, NULL, 'Defender', 'Wales'),
(531, 9, 'Dominic Solanke', 874220400, NULL, 'Forward', 'England'),
(532, 12, 'Gonzalo Higuain', 566121600, NULL, 'Forward', 'Argentina'),
(533, 15, 'Antonio Barreca', 795513600, NULL, 'Defender', 'Italy'),
(534, 14, 'Adalberto Peñaranda Maestre', 865062000, NULL, 'Forward', 'Venezuela'),
(535, 7, 'Peter Crouch', 349689600, NULL, 'Forward', 'England'),
(536, 8, 'Alfie Jones', 876207600, NULL, 'Defender', 'England'),
(537, 19, 'Karlan Ahearne-Grant', 882518400, NULL, 'Forward', 'England'),
(538, 5, 'Michy Batshuayi', 749545200, NULL, 'Forward', 'Belgium'),
(539, 5, 'Bakary Sako', 578041200, NULL, 'Midfielder', 'Mali'),
(540, 20, 'Cameron John', 935478000, NULL, 'Defender', 'England'),
(541, 16, 'Leandro Bacuna', 682758000, NULL, 'Midfielder', 'Curaçao'),
(542, 1, 'Denis Suárez', 757843200, NULL, 'Midfielder', 'Spain'),
(543, 11, 'Curtis Jones', 980841600, NULL, 'Midfielder', 'England'),
(544, 19, 'Joel Coleman', 812098800, NULL, 'Goalkeeper', 'England'),
(545, 9, 'Kyle Taylor', 935823600, NULL, 'Midfielder', 'England'),
(546, 9, 'Sam Surridge', 901609200, NULL, 'Forward', 'England'),
(547, 4, 'Youri Tielemans', 862988400, NULL, 'Midfielder', 'Belgium'),
(548, 15, 'Miguel Ángel Almirón Rejala', 760867200, NULL, 'Midfielder', 'Paraguay'),
(549, 13, 'Manuel Lanzini', 729763200, NULL, 'Midfielder', 'Argentina'),
(550, 17, 'Håvard Nordtveit', 645951600, NULL, 'Midfielder', 'Norway'),
(551, 17, 'Lazar Marković', 762595200, NULL, 'Midfielder', 'Serbia'),
(552, 19, 'Demeaco Duhaney', 908262000, NULL, 'Defender', 'England'),
(553, 10, 'James Garner', 984470400, NULL, 'Defender', 'England'),
(554, 10, 'Tahith Chong', 944294400, NULL, 'Forward', 'Netherlands'),
(555, 3, 'Philippe Sandler', 855561600, NULL, 'Defender', 'Netherlands'),
(556, 13, 'Benjamin Johnson', 948700800, NULL, 'Forward', 'England'),
(557, 19, 'Matty Daly', 984211200, NULL, 'Midfielder', 'England'),
(558, 20, 'Will Norris', 745138800, NULL, 'Goalkeeper', 'England'),
(559, 19, 'Aaron Rowe', 968310000, NULL, 'Forward', 'England'),
(560, 10, 'Mason Greenwood', 1001919600, NULL, 'Midfielder', 'England'),
(561, 5, 'Sam Woods', 905497200, NULL, 'Defender', 'England'),
(562, 2, 'George Marsh', 910252800, NULL, 'Midfielder', 'England'),
(563, 17, 'Harvey Elliot', 0, NULL, 'Forward', 'England'),
(564, 13, 'Nathan Holland', 898239600, NULL, 'Midfielder', 'England'),
(565, 2, 'Vincent Janssen', 771663600, NULL, 'Forward', 'Netherlands'),
(566, 9, 'Emerson Hyndman', 829033200, NULL, 'Midfielder', 'USA'),
(567, 9, 'Nnamdi Ofoborh', 941961600, NULL, 'Midfielder', 'England'),
(568, 8, 'Fraser Forster', 574588800, NULL, 'Goalkeeper', 'England'),
(569, 11, 'Alex Oxlade-Chamberlain', 745398000, NULL, 'Midfielder', 'England'),
(570, 7, 'Anthony Driscoll-Glennon', 943603200, NULL, 'Defender', 'England'),
(571, 9, 'Mark Travers', 927010800, NULL, 'Goalkeeper', 'Republic of Ireland'),
(572, 18, 'Jayson Molumby', 933922800, NULL, 'Midfielder', 'Republic of Ireland'),
(573, 5, 'Luke Dreher', 912153600, NULL, 'Midfielder', 'England'),
(574, 5, 'Nikola Tavares', 916560000, NULL, 'Defender', 'England'),
(575, 9, 'Matt Butcher', 863593200, NULL, 'Midfielder', 'England'),
(576, 17, 'Luca de la Torre', 895906800, NULL, 'Midfielder', 'USA'),
(577, 15, 'Lewis Cass', 951638400, NULL, 'Defender', 'England'),
(578, 15, 'Kelland Watts', 941616000, NULL, 'Midfielder', 'England'),
(579, 12, 'Marc Guehi', 963471600, NULL, 'Defender', 'England');

-- --------------------------------------------------------

--
-- Table structure for table `players_archive`
--

CREATE TABLE `players_archive` (
  `id` int(11) NOT NULL,
  `player_id` int(11) DEFAULT NULL,
  `player_name` varchar(32) DEFAULT NULL,
  `player_team_id` int(11) DEFAULT NULL,
  `player_dob` date DEFAULT NULL,
  `player_photo` blob DEFAULT NULL
) ENGINE=InnoDB DEFAULT CHARSET=utf8mb4;

--
-- Dumping data for table `players_archive`
--

INSERT INTO `players_archive` (`id`, `player_id`, `player_name`, `player_team_id`, `player_dob`, `player_photo`) VALUES
(1, 2, 'Pele', 4, '2003-07-11', ''),
(4, 4, 'Becks', 3, '1980-10-02', ''),
(5, 3, 'Marradona', 4, '2020-07-02', NULL),
(6, 6, 'Lewy', 3, '2020-09-14', NULL),
(7, 5, 'Ronaldo', 3, NULL, NULL),
(8, 7, 'Prawy', 3, '2020-11-03', NULL);

-- --------------------------------------------------------

--
-- Table structure for table `player_stats`
--

CREATE TABLE `player_stats` (
  `id` int(11) NOT NULL,
  `player_id` int(11) DEFAULT NULL,
  `assists` int(11) DEFAULT NULL,
  `cards_red` int(11) DEFAULT NULL,
  `cards_yellow` int(11) DEFAULT NULL,
  `fouls` int(11) DEFAULT NULL,
  `goals` int(11) DEFAULT NULL
) ENGINE=InnoDB DEFAULT CHARSET=utf8mb4;

--
-- Dumping data for table `player_stats`
--

INSERT INTO `player_stats` (`id`, `player_id`, `assists`, `cards_red`, `cards_yellow`, `fouls`, `goals`) VALUES
(6, 8, 0, 0, 1, NULL, 0),
(7, 9, 0, 0, 0, NULL, 0),
(8, 10, 1, 0, 1, NULL, 1),
(9, 11, 4, 0, 11, NULL, 1),
(10, 12, 0, 1, 1, NULL, 0),
(11, 13, 2, 0, 3, NULL, 3),
(12, 14, 9, 0, 6, NULL, 13),
(13, 15, 1, 0, 2, NULL, 1),
(14, 16, 1, 0, 5, NULL, 1),
(15, 17, 3, 0, 3, NULL, 1),
(16, 18, 6, 1, 4, NULL, 10),
(17, 19, 0, 0, 4, NULL, 12),
(18, 20, 0, 0, 1, NULL, 2),
(19, 21, 1, 0, 1, NULL, 0),
(20, 22, 2, 0, 2, NULL, 10),
(21, 23, 0, 0, 1, NULL, 1),
(22, 24, 0, 0, 0, NULL, 0),
(23, 25, 2, 1, 10, NULL, 2),
(24, 26, 0, 0, 3, NULL, 0),
(25, 27, 0, 2, 5, NULL, 3),
(26, 28, 0, 1, 7, NULL, 3),
(27, 29, 6, 0, 7, NULL, 2),
(28, 30, 4, 0, 4, NULL, 0),
(29, 31, 0, 0, 0, NULL, 0),
(30, 32, 0, 0, 2, NULL, 0),
(31, 33, 0, 0, 8, NULL, 2),
(32, 34, 1, 0, 2, NULL, 4),
(33, 35, 7, 1, 5, NULL, 7),
(34, 36, 3, 0, 2, NULL, 1),
(35, 37, 4, 1, 4, NULL, 18),
(36, 38, 0, 0, 3, NULL, 1),
(37, 39, 0, 0, 0, NULL, 0),
(38, 40, 0, 0, 2, NULL, 1),
(39, 41, 2, 0, 3, NULL, 2),
(40, 109, 0, 0, 0, NULL, 0),
(41, 43, 0, 0, 0, NULL, 0),
(42, 44, 0, 0, 1, NULL, 0),
(43, 45, 0, 0, 1, NULL, 3),
(44, 46, 1, 0, 4, NULL, 0),
(45, 47, 0, 0, 1, NULL, 0),
(46, 48, 2, 1, 7, NULL, 1),
(47, 49, 1, 0, 1, NULL, 1),
(48, 50, 0, 0, 3, NULL, 0),
(49, 51, 8, 0, 9, NULL, 2),
(50, 52, 1, 0, 1, NULL, 1),
(51, 53, 0, 0, 1, NULL, 2),
(52, 54, 2, 0, 2, NULL, 12),
(53, 55, 7, 0, 1, NULL, 11),
(54, 56, 0, 0, 2, NULL, 1),
(55, 57, 0, 0, 1, NULL, 1),
(56, 58, 1, 0, 2, NULL, 0),
(57, 59, 1, 0, 12, NULL, 4),
(58, 60, 3, 0, 2, NULL, 0),
(59, 61, 0, 0, 0, NULL, 0),
(60, 62, 0, 0, 0, NULL, 0),
(61, 63, 0, 1, 5, NULL, 1),
(62, 64, 2, 0, 1, NULL, 0),
(63, 65, 0, 0, 2, NULL, 0),
(64, 66, 1, 0, 2, NULL, 1),
(65, 67, 3, 0, 2, NULL, 0),
(66, 68, 12, 0, 3, NULL, 8),
(67, 69, 0, 0, 3, NULL, 10),
(68, 70, 3, 0, 4, NULL, 5),
(69, 71, 0, 0, 4, NULL, 3),
(70, 72, 4, 0, 5, NULL, 17),
(71, 73, 0, 0, 1, NULL, 0),
(72, 74, 6, 1, 3, NULL, 12),
(73, 75, 0, 0, 0, NULL, 0),
(74, 76, 0, 0, 3, NULL, 0),
(75, 77, 0, 0, 0, NULL, 0),
(76, 78, 3, 0, 1, NULL, 0),
(77, 79, 4, 0, 2, NULL, 1),
(78, 80, 0, 0, 0, NULL, 0),
(79, 81, 0, 0, 4, NULL, 1),
(80, 82, 1, 1, 6, NULL, 1),
(81, 83, 1, 0, 3, NULL, 1),
(82, 84, 0, 0, 3, NULL, 4),
(83, 85, 0, 0, 2, NULL, 0),
(84, 86, 1, 0, 8, NULL, 2),
(85, 87, 13, 0, 2, NULL, 7),
(86, 88, 5, 0, 3, NULL, 7),
(87, 89, 9, 0, 3, NULL, 14),
(88, 90, 3, 0, 3, NULL, 12),
(89, 91, 2, 0, 1, NULL, 0),
(90, 92, 0, 0, 1, NULL, 1),
(91, 93, 0, 0, 0, NULL, 0),
(92, 94, 0, 0, 2, NULL, 0),
(93, 95, 1, 0, 1, NULL, 1),
(94, 96, 0, 0, 2, NULL, 0),
(95, 97, 0, 0, 0, NULL, 0),
(96, 98, 0, 0, 2, NULL, 0),
(97, 99, 0, 0, 4, NULL, 0),
(98, 100, 1, 0, 0, NULL, 0),
(99, 101, 1, 0, 7, NULL, 4),
(100, 102, 3, 0, 6, NULL, 1),
(101, 103, 1, 0, 5, NULL, 0),
(102, 104, 1, 0, 4, NULL, 4),
(103, 105, 2, 0, 0, NULL, 5),
(104, 106, 0, 1, 5, NULL, 0),
(105, 107, 1, 0, 4, NULL, 3),
(106, 108, 1, 0, 0, NULL, 4),
(107, 109, 0, 0, 0, NULL, 1),
(108, 110, 2, 0, 2, NULL, 3),
(109, 111, 0, 0, 0, NULL, 0),
(110, 112, 0, 0, 0, NULL, 0),
(111, 113, 4, 0, 6, NULL, 5),
(112, 114, 0, 0, 3, NULL, 0),
(113, 115, 0, 0, 0, NULL, 0),
(114, 116, 0, 0, 0, NULL, 0),
(115, 117, 1, 0, 5, NULL, 0),
(116, 118, 1, 0, 7, NULL, 0),
(117, 119, 1, 0, 5, NULL, 0),
(118, 120, 0, 0, 9, NULL, 2),
(119, 121, 0, 1, 6, NULL, 0),
(120, 122, 0, 0, 2, NULL, 6),
(121, 123, 1, 0, 0, NULL, 1),
(122, 124, 2, 0, 6, NULL, 1),
(123, 125, 6, 0, 0, NULL, 2),
(124, 126, 3, 0, 7, NULL, 11),
(125, 127, 0, 0, 2, NULL, 3),
(126, 128, 4, 0, 1, NULL, 1),
(127, 129, 0, 0, 4, NULL, 0),
(128, 130, 0, 0, 0, NULL, 0),
(129, 131, 0, 0, 3, NULL, 0),
(130, 132, 0, 0, 1, NULL, 0),
(131, 133, 0, 0, 0, NULL, 0),
(132, 134, 0, 0, 0, NULL, 0),
(133, 135, 0, 0, 2, NULL, 0),
(134, 136, 1, 0, 6, NULL, 1),
(135, 137, 2, 0, 3, NULL, 3),
(136, 138, 1, 0, 1, NULL, 4),
(137, 139, 3, 1, 5, NULL, 0),
(138, 140, 6, 0, 7, NULL, 3),
(139, 141, 4, 0, 1, NULL, 6),
(140, 142, 2, 0, 10, NULL, 12),
(141, 143, 1, 0, 1, NULL, 1),
(142, 144, 5, 1, 10, NULL, 10),
(143, 145, 0, 0, 0, NULL, 0),
(144, 146, 2, 0, 3, NULL, 0),
(145, 147, 0, 0, 0, NULL, 0),
(146, 148, 0, 0, 1, NULL, 1),
(147, 149, 0, 0, 2, NULL, 0),
(148, 150, 0, 0, 2, NULL, 0),
(149, 151, 0, 0, 0, NULL, 0),
(150, 152, 0, 0, 0, NULL, 0),
(151, 153, 1, 0, 6, NULL, 3),
(152, 154, 2, 0, 2, NULL, 0),
(153, 155, 0, 1, 6, NULL, 1),
(154, 156, 1, 0, 4, NULL, 1),
(155, 157, 0, 0, 1, NULL, 0),
(156, 158, 1, 1, 9, NULL, 0),
(157, 159, 1, 0, 4, NULL, 3),
(158, 160, 0, 0, 2, NULL, 2),
(159, 161, 0, 0, 7, NULL, 2),
(160, 162, 3, 1, 2, NULL, 2),
(161, 163, 1, 0, 1, NULL, 0),
(162, 164, 0, 0, 1, NULL, 0),
(163, 165, 1, 0, 1, NULL, 0),
(164, 166, 0, 1, 3, NULL, 0),
(165, 167, 0, 0, 0, NULL, 0),
(166, 168, 0, 0, 0, NULL, 0),
(167, 169, 0, 0, 2, NULL, 1),
(168, 170, 0, 0, 2, NULL, 0),
(169, 171, 2, 0, 3, NULL, 3),
(170, 172, 5, 0, 4, NULL, 1),
(171, 173, 4, 0, 6, NULL, 2),
(172, 174, 0, 0, 7, NULL, 1),
(173, 175, 5, 0, 1, NULL, 3),
(174, 176, 0, 0, 8, NULL, 2),
(175, 177, 4, 0, 3, NULL, 4),
(176, 178, 6, 0, 2, NULL, 3),
(177, 179, 2, 0, 2, NULL, 8),
(178, 180, 0, 0, 3, NULL, 5),
(179, 181, 2, 0, 0, NULL, 6),
(180, 182, 15, 0, 2, NULL, 16),
(181, 183, 0, 0, 0, NULL, 0),
(182, 184, 0, 0, 0, NULL, 0),
(183, 185, 4, 0, 1, NULL, 2),
(184, 186, 0, 0, 0, NULL, 0),
(185, 187, 0, 0, 1, NULL, 0),
(186, 188, 0, 0, 1, NULL, 0),
(187, 189, 6, 1, 13, NULL, 3),
(188, 190, 0, 0, 2, NULL, 3),
(189, 191, 0, 1, 4, NULL, 0),
(190, 192, 2, 0, 3, NULL, 0),
(191, 193, 3, 1, 15, NULL, 1),
(192, 194, 1, 0, 3, NULL, 6),
(193, 195, 6, 0, 7, NULL, 5),
(194, 196, 4, 0, 5, NULL, 2),
(195, 197, 5, 1, 5, NULL, 9),
(196, 198, 2, 0, 2, NULL, 7),
(197, 199, 1, 0, 4, NULL, 1),
(198, 200, 2, 0, 1, NULL, 1),
(199, 201, 1, 0, 1, NULL, 1),
(200, 202, 0, 0, 0, NULL, 0),
(201, 203, 0, 0, 0, NULL, 0),
(202, 204, 0, 0, 3, NULL, 0),
(203, 205, 1, 0, 5, NULL, 0),
(204, 206, 0, 0, 2, NULL, 0),
(205, 207, 1, 0, 2, NULL, 0),
(206, 208, 1, 1, 5, NULL, 5),
(207, 209, 1, 1, 7, NULL, 2),
(208, 210, 1, 0, 4, NULL, 0),
(209, 211, 1, 1, 7, NULL, 1),
(210, 212, 3, 0, 1, NULL, 3),
(211, 213, 1, 0, 2, NULL, 1),
(212, 214, 6, 1, 5, NULL, 2),
(213, 215, 5, 0, 1, NULL, 1),
(214, 216, 1, 0, 5, NULL, 13),
(215, 217, 0, 0, 0, NULL, 0),
(216, 218, 0, 0, 5, NULL, 0),
(217, 219, 0, 0, 2, NULL, 0),
(218, 220, 1, 0, 4, NULL, 1),
(219, 221, 0, 0, 1, NULL, 2),
(220, 222, 0, 0, 2, NULL, 1),
(221, 223, 0, 0, 0, NULL, 0),
(222, 224, 0, 0, 0, NULL, 0),
(223, 225, 0, 0, 12, NULL, 1),
(224, 226, 0, 1, 3, NULL, 4),
(225, 227, 5, 0, 5, NULL, 4),
(226, 228, 0, 0, 5, NULL, 0),
(227, 229, 1, 0, 6, NULL, 1),
(228, 230, 8, 0, 4, NULL, 1),
(229, 231, 3, 0, 8, NULL, 4),
(230, 232, 5, 0, 11, NULL, 9),
(231, 233, 2, 0, 3, NULL, 1),
(232, 234, 7, 0, 4, NULL, 13),
(233, 235, 1, 0, 0, NULL, 0),
(234, 236, 0, 0, 1, NULL, 0),
(235, 237, 1, 0, 1, NULL, 0),
(236, 238, 0, 0, 0, NULL, 0),
(237, 239, 0, 0, 0, NULL, 0),
(238, 240, 0, 0, 7, NULL, 2),
(239, 241, 0, 0, 0, NULL, 0),
(240, 242, 0, 0, 1, NULL, 0),
(241, 243, 0, 1, 1, NULL, 1),
(242, 244, 0, 0, 0, NULL, 0),
(243, 245, 2, 0, 1, NULL, 2),
(244, 246, 2, 0, 2, NULL, 1),
(245, 247, 1, 0, 2, NULL, 0),
(246, 248, 6, 0, 3, NULL, 13),
(247, 249, 2, 0, 6, NULL, 0),
(248, 250, 2, 0, 1, NULL, 5),
(249, 251, 3, 0, 3, NULL, 3),
(250, 252, 1, 1, 6, NULL, 13),
(251, 253, 0, 0, 1, NULL, 0),
(252, 254, 0, 0, 0, NULL, 0),
(253, 255, 4, 1, 6, NULL, 4),
(254, 256, 0, 0, 0, NULL, 0),
(255, 257, 0, 0, 0, NULL, 0),
(256, 258, 0, 0, 3, NULL, 0),
(257, 259, 2, 0, 3, NULL, 6),
(258, 260, 0, 0, 1, NULL, 0),
(259, 261, 2, 0, 1, NULL, 4),
(260, 262, 11, 0, 4, NULL, 0),
(261, 263, 0, 0, 2, NULL, 0),
(262, 264, 12, 0, 3, NULL, 1),
(263, 265, 4, 1, 7, NULL, 5),
(264, 266, 0, 0, 3, NULL, 3),
(265, 267, 1, 0, 0, NULL, 2),
(266, 268, 6, 0, 0, NULL, 12),
(267, 269, 8, 0, 1, NULL, 22),
(268, 270, 1, 0, 2, NULL, 22),
(269, 271, 3, 1, 3, NULL, 1),
(270, 272, 3, 0, 2, NULL, 6),
(271, 273, 1, 0, 1, NULL, 2),
(272, 274, 0, 0, 0, NULL, 0),
(273, 275, 1, 0, 2, NULL, 0),
(274, 276, 2, 0, 6, NULL, 1),
(275, 277, 0, 0, 1, NULL, 0),
(276, 278, 0, 0, 0, NULL, 0),
(277, 279, 1, 0, 2, NULL, 1),
(278, 280, 1, 0, 2, NULL, 0),
(279, 281, 0, 0, 5, NULL, 1),
(280, 282, 0, 0, 2, NULL, 1),
(281, 283, 5, 1, 7, NULL, 5),
(282, 284, 1, 0, 2, NULL, 0),
(283, 285, 4, 0, 3, NULL, 6),
(284, 286, 4, 0, 3, NULL, 9),
(285, 287, 0, 0, 4, NULL, 2),
(286, 288, 4, 0, 3, NULL, 10),
(287, 289, 5, 0, 10, NULL, 2),
(288, 290, 1, 0, 2, NULL, 7),
(289, 291, 0, 0, 2, NULL, 2),
(290, 292, 1, 0, 4, NULL, 0),
(291, 293, 0, 0, 0, NULL, 0),
(292, 294, 1, 0, 0, NULL, 0),
(293, 295, 0, 0, 4, NULL, 1),
(294, 296, 0, 0, 1, NULL, 0),
(295, 297, 0, 0, 8, NULL, 1),
(296, 298, 2, 0, 4, NULL, 1),
(297, 299, 0, 0, 2, NULL, 0),
(298, 300, 0, 0, 4, NULL, 1),
(299, 301, 0, 0, 2, NULL, 0),
(300, 302, 0, 0, 11, NULL, 1),
(301, 303, 2, 0, 2, NULL, 3),
(302, 304, 4, 0, 3, NULL, 6),
(303, 305, 1, 0, 5, NULL, 1),
(304, 306, 2, 0, 1, NULL, 2),
(305, 307, 3, 0, 1, NULL, 7),
(306, 308, 0, 0, 0, NULL, 0),
(307, 309, 0, 0, 0, NULL, 1),
(308, 310, 0, 0, 4, NULL, 7),
(309, 311, 3, 2, 10, NULL, 4),
(310, 312, 0, 0, 0, NULL, 0),
(311, 313, 1, 0, 7, NULL, 0),
(312, 314, 0, 0, 0, NULL, 0),
(313, 315, 0, 0, 1, NULL, 0),
(314, 316, 0, 0, 7, NULL, 0),
(315, 317, 2, 0, 9, NULL, 0),
(316, 318, 1, 0, 8, NULL, 3),
(317, 319, 1, 0, 1, NULL, 1),
(318, 320, 2, 0, 6, NULL, 1),
(319, 321, 6, 0, 2, NULL, 3),
(320, 322, 7, 0, 5, NULL, 2),
(321, 323, 0, 0, 4, NULL, 2),
(322, 324, 2, 0, 2, NULL, 10),
(323, 325, 0, 0, 0, NULL, 3),
(324, 326, 2, 0, 8, NULL, 12),
(325, 327, 1, 0, 2, NULL, 0),
(326, 328, 0, 0, 3, NULL, 0),
(327, 329, 0, 0, 1, NULL, 1),
(328, 330, 0, 0, 0, NULL, 0),
(329, 331, 0, 0, 9, NULL, 0),
(330, 332, 0, 0, 0, NULL, 0),
(331, 333, 2, 0, 12, NULL, 1),
(332, 334, 0, 0, 9, NULL, 2),
(333, 335, 5, 0, 3, NULL, 0),
(334, 336, 2, 0, 2, NULL, 5),
(335, 337, 4, 0, 1, NULL, 6),
(336, 338, 6, 0, 0, NULL, 4),
(337, 339, 2, 0, 10, NULL, 4),
(338, 340, 1, 1, 3, NULL, 1),
(339, 341, 0, 0, 9, NULL, 0),
(340, 342, 5, 0, 0, NULL, 22),
(341, 343, 0, 0, 3, NULL, 0),
(342, 344, 8, 0, 2, NULL, 13),
(343, 345, 2, 1, 8, NULL, 2),
(344, 346, 0, 0, 0, NULL, 0),
(345, 347, 0, 0, 1, NULL, 0),
(346, 348, 6, 0, 0, NULL, 3),
(347, 349, 0, 0, 0, NULL, 0),
(348, 350, 1, 0, 2, NULL, 0),
(349, 351, 1, 0, 3, NULL, 1),
(350, 352, 5, 0, 1, NULL, 0),
(351, 353, 3, 0, 3, NULL, 3),
(352, 354, 0, 0, 1, NULL, 0),
(353, 355, 3, 0, 5, NULL, 1),
(354, 356, 3, 0, 3, NULL, 6),
(355, 357, 4, 0, 0, NULL, 7),
(356, 358, 7, 0, 3, NULL, 7),
(357, 359, 8, 0, 4, NULL, 21),
(358, 360, 10, 0, 3, NULL, 17),
(359, 361, 2, 0, 2, NULL, 2),
(360, 362, 3, 0, 1, NULL, 7),
(361, 363, 10, 0, 1, NULL, 10),
(362, 364, 0, 0, 0, NULL, 0),
(363, 365, 0, 0, 6, NULL, 1),
(364, 366, 0, 0, 1, NULL, 0),
(365, 367, 0, 0, 0, NULL, 1),
(366, 368, 1, 0, 10, NULL, 0),
(367, 369, 1, 0, 1, NULL, 1),
(368, 370, 4, 1, 4, NULL, 1),
(369, 371, 1, 0, 0, NULL, 0),
(370, 372, 1, 0, 2, NULL, 0),
(371, 373, 0, 0, 0, NULL, 0),
(372, 374, 0, 0, 0, NULL, 3),
(373, 375, 1, 0, 1, NULL, 0),
(374, 376, 2, 1, 5, NULL, 2),
(375, 377, 2, 0, 0, NULL, 0),
(376, 378, 1, 0, 1, NULL, 0),
(377, 379, 1, 0, 3, NULL, 5),
(378, 380, 1, 0, 0, NULL, 0),
(379, 381, 3, 0, 2, NULL, 1),
(380, 382, 0, 0, 5, NULL, 0),
(381, 383, 1, 0, 1, NULL, 1),
(382, 384, 3, 0, 2, NULL, 1),
(383, 385, 2, 0, 2, NULL, 4),
(384, 386, 0, 0, 4, NULL, 1),
(385, 387, 3, 0, 5, NULL, 0),
(386, 388, 0, 1, 3, NULL, 0),
(387, 389, 2, 0, 3, NULL, 0),
(388, 390, 3, 0, 5, NULL, 1),
(389, 391, 1, 0, 0, NULL, 1),
(390, 392, 8, 0, 2, NULL, 6),
(391, 393, 0, 0, 0, NULL, 0),
(392, 394, 1, 0, 1, NULL, 1),
(393, 395, 0, 0, 1, NULL, 0),
(394, 396, 1, 0, 0, NULL, 0),
(395, 397, 1, 0, 4, NULL, 0),
(396, 398, 2, 0, 3, NULL, 4),
(397, 399, 3, 0, 4, NULL, 2),
(398, 400, 2, 0, 3, NULL, 1),
(399, 401, 2, 0, 3, NULL, 1),
(400, 402, 0, 0, 0, NULL, 0),
(401, 403, 0, 0, 0, NULL, 0),
(402, 404, 0, 0, 3, NULL, 1),
(403, 405, 1, 1, 2, NULL, 0),
(404, 406, 0, 0, 0, NULL, 0),
(405, 407, 0, 0, 12, NULL, 2),
(406, 408, 3, 0, 5, NULL, 1),
(407, 409, 0, 0, 0, NULL, 0),
(408, 410, 1, 0, 0, NULL, 0),
(409, 411, 1, 0, 0, NULL, 0),
(410, 412, 0, 0, 0, NULL, 0),
(411, 413, 0, 0, 0, NULL, 0),
(412, 414, 0, 0, 1, NULL, 0),
(413, 415, 1, 0, 4, NULL, 0),
(414, 416, 0, 0, 0, NULL, 0),
(415, 417, 0, 0, 2, NULL, 1),
(416, 418, 0, 0, 2, NULL, 0),
(417, 419, 1, 0, 1, NULL, 0),
(418, 420, 0, 1, 8, NULL, 1),
(419, 421, 0, 0, 2, NULL, 0),
(420, 422, 0, 0, 1, NULL, 0),
(421, 423, 0, 0, 1, NULL, 0),
(422, 424, 0, 0, 0, NULL, 0),
(423, 425, 0, 0, 2, NULL, 0),
(424, 426, 1, 0, 0, NULL, 0),
(425, 427, 0, 0, 0, NULL, 0),
(426, 428, 0, 0, 1, NULL, 1),
(427, 429, 0, 0, 0, NULL, 0),
(428, 430, 4, 0, 2, NULL, 3),
(429, 431, 1, 0, 1, NULL, 1),
(430, 432, 0, 0, 2, NULL, 0),
(431, 433, 0, 0, 2, NULL, 1),
(432, 434, 0, 0, 0, NULL, 0),
(433, 435, 0, 0, 0, NULL, 0),
(434, 436, 3, 0, 1, NULL, 0),
(435, 437, 0, 0, 0, NULL, 1),
(436, 438, 3, 0, 1, NULL, 2),
(437, 439, 0, 0, 0, NULL, 0),
(438, 440, 0, 0, 5, NULL, 3),
(439, 441, 0, 0, 0, NULL, 0),
(440, 442, 0, 0, 0, NULL, 0),
(441, 443, 0, 0, 1, NULL, 0),
(442, 444, 1, 0, 0, NULL, 0),
(443, 445, 5, 0, 5, NULL, 0),
(444, 446, 0, 0, 0, NULL, 0),
(445, 447, 0, 0, 1, NULL, 0),
(446, 448, 0, 0, 1, NULL, 1),
(447, 449, 1, 0, 1, NULL, 0),
(448, 450, 1, 0, 1, NULL, 3),
(449, 451, 0, 0, 0, NULL, 0),
(450, 452, 0, 0, 0, NULL, 0),
(451, 453, 1, 0, 5, NULL, 1),
(452, 454, 5, 0, 3, NULL, 10),
(453, 455, 0, 0, 0, NULL, 0),
(454, 456, 0, 0, 0, NULL, 0),
(455, 457, 0, 0, 1, NULL, 1),
(456, 458, 0, 0, 0, NULL, 0),
(457, 459, 0, 0, 0, NULL, 0),
(458, 460, 0, 0, 0, NULL, 1),
(459, 461, 0, 0, 4, NULL, 1),
(460, 462, 1, 0, 0, NULL, 3),
(461, 463, 1, 0, 7, NULL, 1),
(462, 464, 0, 0, 3, NULL, 1),
(463, 465, 1, 0, 0, NULL, 0),
(464, 466, 0, 0, 0, NULL, 0),
(465, 467, 0, 0, 0, NULL, 0),
(466, 468, 0, 0, 1, NULL, 0),
(467, 469, 0, 0, 0, NULL, 0),
(468, 470, 0, 0, 1, NULL, 2),
(469, 471, 0, 0, 0, NULL, 0),
(470, 472, 0, 0, 1, NULL, 0),
(471, 473, 0, 0, 0, NULL, 0),
(472, 474, 0, 0, 0, NULL, 0),
(473, 475, 0, 0, 0, NULL, 0),
(474, 476, 1, 1, 4, NULL, 0),
(475, 477, 0, 0, 2, NULL, 0),
(476, 478, 0, 0, 0, NULL, 0),
(477, 479, 0, 0, 0, NULL, 0),
(478, 480, 0, 1, 4, NULL, 1),
(479, 481, 1, 0, 1, NULL, 1),
(480, 482, 0, 0, 0, NULL, 0),
(481, 483, 0, 0, 0, NULL, 0),
(482, 484, 0, 0, 0, NULL, 1),
(483, 485, 0, 0, 2, NULL, 0),
(484, 486, 0, 0, 0, NULL, 0),
(485, 487, 0, 0, 0, NULL, 0),
(486, 488, 0, 0, 0, NULL, 0),
(487, 489, 1, 1, 5, NULL, 2),
(488, 490, 2, 0, 3, NULL, 0),
(489, 491, 0, 0, 0, NULL, 0),
(490, 492, 0, 0, 0, NULL, 0),
(491, 493, 0, 0, 1, NULL, 3),
(492, 494, 0, 0, 0, NULL, 0),
(493, 495, 0, 0, 0, NULL, 0),
(494, 496, 0, 0, 0, NULL, 0),
(495, 497, 1, 0, 0, NULL, 0),
(496, 498, 0, 0, 0, NULL, 0),
(497, 499, 1, 0, 1, NULL, 0),
(498, 500, 0, 0, 0, NULL, 0),
(499, 501, 0, 0, 2, NULL, 1),
(500, 502, 0, 0, 0, NULL, 0),
(501, 503, 0, 0, 0, NULL, 0),
(502, 504, 0, 0, 0, NULL, 0),
(503, 505, 0, 0, 0, NULL, 0),
(504, 506, 0, 0, 0, NULL, 0),
(505, 507, 0, 0, 0, NULL, 0),
(506, 508, 0, 0, 0, NULL, 0),
(507, 509, 0, 0, 0, NULL, 0),
(508, 510, 1, 0, 0, NULL, 0),
(509, 511, 0, 0, 0, NULL, 0),
(510, 512, 0, 0, 0, NULL, 0),
(511, 513, 0, 0, 0, NULL, 0),
(512, 514, 2, 0, 0, NULL, 0),
(513, 515, 0, 0, 0, NULL, 0),
(514, 516, 0, 0, 0, NULL, 0),
(515, 517, 0, 0, 0, NULL, 0),
(516, 518, 2, 0, 0, NULL, 1),
(517, 519, 0, 0, 0, NULL, 0),
(518, 520, 1, 0, 0, NULL, 0),
(519, 521, 0, 0, 0, NULL, 0),
(520, 522, 0, 0, 0, NULL, 0),
(521, 523, 3, 0, 3, NULL, 5),
(522, 524, 0, 0, 0, NULL, 0),
(523, 525, 0, 0, 0, NULL, 0),
(524, 526, 0, 0, 1, NULL, 0),
(525, 527, 0, 0, 0, NULL, 0),
(526, 528, 0, 0, 0, NULL, 0),
(527, 529, 0, 0, 0, NULL, 0),
(528, 530, 1, 0, 1, NULL, 0),
(529, 531, 1, 0, 0, NULL, 0),
(530, 532, 0, 0, 0, NULL, 5),
(531, 533, 0, 0, 0, NULL, 0),
(532, 534, 0, 0, 0, NULL, 0),
(533, 535, 0, 0, 1, NULL, 0),
(534, 536, 0, 0, 0, NULL, 0),
(535, 537, 0, 0, 0, NULL, 3),
(536, 538, 0, 0, 0, NULL, 5),
(537, 539, 0, 0, 0, NULL, 0),
(538, 540, 0, 0, 0, NULL, 0),
(539, 541, 0, 0, 2, NULL, 0),
(540, 542, 0, 0, 0, NULL, 0),
(541, 543, 0, 0, 0, NULL, 0),
(542, 544, 0, 0, 0, NULL, 0),
(543, 545, 0, 0, 0, NULL, 0),
(544, 546, 0, 0, 0, NULL, 0),
(545, 547, 4, 0, 2, NULL, 3),
(546, 548, 0, 0, 0, NULL, 0),
(547, 549, 1, 0, 2, NULL, 1),
(548, 550, 1, 0, 0, NULL, 0),
(549, 551, 0, 0, 0, NULL, 0),
(550, 552, 0, 0, 0, NULL, 0),
(551, 553, 0, 0, 0, NULL, 0),
(552, 554, 0, 0, 0, NULL, 0),
(553, 555, 0, 0, 0, NULL, 0),
(554, 556, 0, 0, 0, NULL, 0),
(555, 557, 0, 0, 0, NULL, 0),
(556, 558, 0, 0, 0, NULL, 0),
(557, 559, 0, 0, 0, NULL, 0),
(558, 560, 0, 0, 0, NULL, 0),
(559, 561, 0, 0, 0, NULL, 0),
(560, 562, 0, 0, 0, NULL, 0),
(561, 563, 0, 0, 0, NULL, 0),
(562, 564, 0, 0, 0, NULL, 0),
(563, 565, 0, 0, 0, NULL, 0),
(564, 566, 0, 0, 0, NULL, 0),
(565, 567, 0, 0, 0, NULL, 0),
(566, 568, 0, 0, 0, NULL, 0),
(567, 569, 0, 0, 0, NULL, 0),
(568, 570, 0, 0, 0, NULL, 0),
(569, 571, 0, 0, 0, NULL, 0),
(570, 572, 0, 0, 0, NULL, 0),
(571, 573, 0, 0, 0, NULL, 0),
(572, 574, 0, 0, 0, NULL, 0),
(573, 575, 0, 0, 0, NULL, 0),
(574, 576, 0, 0, 0, NULL, 0),
(575, 577, 0, 0, 0, NULL, 0),
(576, 578, 0, 0, 0, NULL, 0),
(577, 579, 0, 0, 0, NULL, 0);

-- --------------------------------------------------------

--
-- Table structure for table `rounds`
--

CREATE TABLE `rounds` (
  `id` int(11) NOT NULL,
  `season_id` int(11) DEFAULT NULL,
  `starts_at` date DEFAULT NULL,
  `ends_at` date DEFAULT NULL,
  `num` int(11) DEFAULT NULL
) ENGINE=InnoDB DEFAULT CHARSET=utf8mb4;

--
-- Dumping data for table `rounds`
--

INSERT INTO `rounds` (`id`, `season_id`, `starts_at`, `ends_at`, `num`) VALUES
(1, 1, '2020-06-04', '2020-06-07', 1);

-- --------------------------------------------------------

--
-- Table structure for table `seasons`
--

CREATE TABLE `seasons` (
  `id` int(11) NOT NULL,
  `league_id` int(11) DEFAULT NULL,
  `starts_at` date DEFAULT NULL,
  `ends_at` date DEFAULT NULL,
  `name` varchar(16) DEFAULT NULL
) ENGINE=InnoDB DEFAULT CHARSET=utf8mb4;

--
-- Dumping data for table `seasons`
--

INSERT INTO `seasons` (`id`, `league_id`, `starts_at`, `ends_at`, `name`) VALUES
(1, 1, '2020-06-01', '2021-06-01', '2020/2021');

-- --------------------------------------------------------

--
-- Table structure for table `teams`
--

CREATE TABLE `teams` (
  `team_id` int(11) NOT NULL,
  `team_name` varchar(32) DEFAULT NULL
) ENGINE=InnoDB DEFAULT CHARSET=utf8mb4;

--
-- Dumping data for table `teams`
--

INSERT INTO `teams` (`team_id`, `team_name`) VALUES
(1, 'Arsenal'),
(2, 'Tottenham Hotspur'),
(3, 'Manchester City'),
(4, 'Leicester City'),
(5, 'Crystal Palace'),
(6, 'Everton'),
(7, 'Burnley'),
(8, 'Southampton'),
(9, 'AFC Bournemouth'),
(10, 'Manchester United'),
(11, 'Liverpool'),
(12, 'Chelsea'),
(13, 'West Ham United'),
(14, 'Watford'),
(15, 'Newcastle United'),
(16, 'Cardiff City'),
(17, 'Fulham'),
(18, 'Brighton & Hove Albion'),
(19, 'Huddersfield Town'),
(20, 'Wolverhampton Wanderers');

-- --------------------------------------------------------

--
-- Table structure for table `users`
--

CREATE TABLE `users` (
  `user_id` int(11) NOT NULL,
  `user` varchar(32) NOT NULL,
  `passw` varchar(32) NOT NULL,
  `created` date NOT NULL DEFAULT current_timestamp()
) ENGINE=InnoDB DEFAULT CHARSET=utf8mb4;

--
-- Dumping data for table `users`
--

INSERT INTO `users` (`user_id`, `user`, `passw`, `created`) VALUES
(1, 'admin', 'admin123', '2020-08-24');

--
-- Indexes for dumped tables
--

--
-- Indexes for table `league`
--
ALTER TABLE `league`
  ADD PRIMARY KEY (`id`);

--
-- Indexes for table `matches`
--
ALTER TABLE `matches`
  ADD PRIMARY KEY (`match_id`),
  ADD KEY `round_id` (`round_id`);

--
-- Indexes for table `players`
--
ALTER TABLE `players`
  ADD PRIMARY KEY (`id`);

--
-- Indexes for table `players_archive`
--
ALTER TABLE `players_archive`
  ADD PRIMARY KEY (`id`);

--
-- Indexes for table `player_stats`
--
ALTER TABLE `player_stats`
  ADD PRIMARY KEY (`id`);

--
-- Indexes for table `rounds`
--
ALTER TABLE `rounds`
  ADD PRIMARY KEY (`id`),
  ADD KEY `season_id` (`season_id`);

--
-- Indexes for table `seasons`
--
ALTER TABLE `seasons`
  ADD PRIMARY KEY (`id`),
  ADD KEY `league_id` (`league_id`);

--
-- Indexes for table `teams`
--
ALTER TABLE `teams`
  ADD PRIMARY KEY (`team_id`);

--
-- Indexes for table `users`
--
ALTER TABLE `users`
  ADD PRIMARY KEY (`user_id`);

--
-- AUTO_INCREMENT for dumped tables
--

--
-- AUTO_INCREMENT for table `league`
--
ALTER TABLE `league`
  MODIFY `id` int(11) NOT NULL AUTO_INCREMENT, AUTO_INCREMENT=2;

--
-- AUTO_INCREMENT for table `matches`
--
ALTER TABLE `matches`
  MODIFY `match_id` int(11) NOT NULL AUTO_INCREMENT, AUTO_INCREMENT=834;

--
-- AUTO_INCREMENT for table `players`
--
ALTER TABLE `players`
  MODIFY `id` int(11) NOT NULL AUTO_INCREMENT, AUTO_INCREMENT=580;

--
-- AUTO_INCREMENT for table `players_archive`
--
ALTER TABLE `players_archive`
  MODIFY `id` int(11) NOT NULL AUTO_INCREMENT, AUTO_INCREMENT=9;

--
-- AUTO_INCREMENT for table `player_stats`
--
ALTER TABLE `player_stats`
  MODIFY `id` int(11) NOT NULL AUTO_INCREMENT, AUTO_INCREMENT=578;

--
-- AUTO_INCREMENT for table `rounds`
--
ALTER TABLE `rounds`
  MODIFY `id` int(11) NOT NULL AUTO_INCREMENT, AUTO_INCREMENT=2;

--
-- AUTO_INCREMENT for table `seasons`
--
ALTER TABLE `seasons`
  MODIFY `id` int(11) NOT NULL AUTO_INCREMENT, AUTO_INCREMENT=2;

--
-- AUTO_INCREMENT for table `teams`
--
ALTER TABLE `teams`
  MODIFY `team_id` int(11) NOT NULL AUTO_INCREMENT, AUTO_INCREMENT=21;

--
-- Constraints for dumped tables
--

--
-- Constraints for table `rounds`
--
ALTER TABLE `rounds`
  ADD CONSTRAINT `rounds_ibfk_1` FOREIGN KEY (`season_id`) REFERENCES `seasons` (`id`) ON DELETE CASCADE ON UPDATE CASCADE;

--
-- Constraints for table `seasons`
--
ALTER TABLE `seasons`
  ADD CONSTRAINT `seasons_ibfk_1` FOREIGN KEY (`league_id`) REFERENCES `league` (`id`) ON DELETE CASCADE ON UPDATE CASCADE;
COMMIT;

/*!40101 SET CHARACTER_SET_CLIENT=@OLD_CHARACTER_SET_CLIENT */;
/*!40101 SET CHARACTER_SET_RESULTS=@OLD_CHARACTER_SET_RESULTS */;
/*!40101 SET COLLATION_CONNECTION=@OLD_COLLATION_CONNECTION */;
